Country Name;2000 [YR2000];2001 [YR2001];2002 [YR2002];2003 [YR2003];2004 [YR2004];2005 [YR2005];2006 [YR2006];2007 [YR2007];2008 [YR2008];2009 [YR2009];2010 [YR2010];2011 [YR2011];2012 [YR2012];2013 [YR2013];2014 [YR2014];2015 [YR2015];2016 [YR2016];2017 [YR2017];2018 [YR2018];2019 [YR2019];2020 [YR2020]
Afghanistan;..;..;877.01426830392;927.857548047018;925.441429176842;1023.05174932878;1077.76153966077;1228.70386342946;1272.57297477768;1519.69292278438;1710.57541109225;1699.48811019742;1914.77422837964;2015.51477466948;2069.42402167356;2087.30532306683;1981.11806850696;2058.4002210698;2082.63564821362;2152.3664894209;2077.8745536104
Albania;3862.48445469754;4301.38428019685;4661.37708163527;4994.92823034612;5423.20499219678;5865.31605918103;6557.80058533436;7274.52649345771;8228.32717914344;8819.49891254807;9636.10411846626;10207.7328744708;10526.319131674;10570.970844547;11259.2996861367;11658.8699613204;12078.7997440492;12770.9710014856;13554.8989476972;14336.7730240299;13899.9339813847
Algeria;8446.58774102862;8775.11790745312;9293.83714349081;10019.3578919395;10591.0381897757;11405.6425223873;11776.0404022627;12311.0384280957;12643.1514779138;12722.3786946243;13095.449178663;13500.0447902878;13303.3275185881;13056.8025915699;13003.2668603131;12015.6405282427;11624.3407751545;11737.4012353821;11909.9298247204;12009.248207942;11320.0188196636
American Samoa;..;..;..;..;..;..;..;..;..;..;..;..;..;..;..;..;..;..;..;..;..
Andorra;..;..;..;..;..;..;..;..;..;..;..;..;..;..;..;..;..;..;..;..;..
Angola;3289.40954946819;3389.19696691951;3785.1503220062;3838.7950524777;4225.4679269176;4837.70982676046;5362.01984289893;6050.61055453052;6607.29163426752;6470.67524420331;6587.98693898257;6710.75062298751;7412.96703464311;7682.47538648506;8179.29782812609;7337.56982204938;7103.22643061091;7310.89658895511;7099.97195809928;6952.41936236851;6443.03267984657
Antigua and Barbuda;16843.1216095067;16173.3262222136;16367.734900892;17458.8837289464;18718.3707760024;20269.690993938;23180.4007139502;25613.5465027525;25690.689492805;22435.3937041743;20611.4457775542;20347.8684831466;19598.0238599601;18797.6263678382;19039.0045029811;18911.3068944389;19920.2657838504;19840.2840357027;21521.8850511088;22774.1742001371;18235.0751684121
Argentina;11618.7932334926;11226.8797464943;10052.4882560869;11025.1860988296;12214.7407113551;13568.7692061284;14951.7289508076;16570.0078336983;17404.0691420333;16334.7408131075;18061.9343589164;19322.2271236942;19641.3528638347;20131.6804246983;19683.7715056442;20105.1989918165;20307.870052142;23597.117752839;23293.3986337639;22999.2750525577;20762.9916793656
Armenia;2658.34432173041;2995.90884550107;3463.98606346213;4043.65506161727;4614.86980387949;5455.43499457867;6411.81964016089;7551.64363563305;8300.49198824733;7233.03992810233;7506.32190855914;8025.4584849173;9364.37529918435;9835.80246091985;10036.8898405952;9969.66485397823;10704.2297624759;12115.1392902637;13020.3963185992;14231.1801885329;13307.1566071802
Aruba;32026.9727415196;31064.3556476532;29847.9283520918;30356.0452745934;33050.9033772923;34051.4928047902;35168.5614695776;36619.588029091;37247.9805023973;33553.8820015977;32625.4926908747;34324.7993588886;33567.5500169846;36829.0327743518;36779.429429343;37311.7503195981;37585.0250792115;38897.122666275;..;..;..
Australia;26343.8600812542;27424.6685295368;28768.7286317056;29792.2628479502;31393.8769621585;32653.4016208815;34357.8935848301;36581.5454471124;37499.5251319174;40311.0854257338;39351.0865561078;42003.1580559752;42836.6718635909;45906.4400399472;46880.8951800484;46248.6164566389;47255.3070085957;48398.5497014956;50100.2246659075;52030.6439078121;52397.3870478043
Austria;29388.7774746532;29715.6408471561;31178.6933297272;32111.1244333186;33745.847650488;35013.7140443423;37611.8042485063;39382.7970602244;41316.225176699;40948.2221602982;42041.486681307;44452.7327457999;46457.3457770311;47922.0491207455;48799.7154676985;49865.9039424185;52684.0171130768;54172.9867888254;57059.5389390915;58641.2981209931;55648.8745645323
Azerbaijan;3385.5127273497;3772.94378267173;4163.19998698029;4638.12476816102;5158.39459385476;6737.14620835883;9233.68079666208;11718.5267261314;12956.834046821;13976.1096357098;14677.1648204193;14804.5744507911;15957.7188502849;17188.9455056612;17443.8782563093;14938.4011276715;14371.0227410092;14121.4069355591;14550.7628169318;15052.7938701564;14474.3133611167
Bahamas, The;28034.1965161346;28956.8955024979;29715.6952831507;29363.121938633;29869.4063424936;31261.773574933;32401.6259235917;33117.6050712001;32373.492644525;30728.818092197;31090.5816457788;31522.0202333876;32216.6977983187;31650.4390099407;33248.1132875149;33937.418758978;34338.5195561543;35917.7570326171;37416.9722554382;37973.2472481629;32526.4522368096
Bahrain;42181.9060430048;42094.5814216923;41932.5835516097;42860.4822233235;44185.3385399123;45400.8527009258;46200.6358641054;47532.8591584055;47847.6152454812;46498.8434018951;46872.9477813149;47377.4983094697;50675.6210184322;51494.4117178119;51101.9770222914;45575.7835718316;44768.9709139461;47709.7780156397;47503.0619389863;47228.1000429956;43739.5615231256
Bangladesh;1331.54842861048;1403.12621854246;1453.26225725918;1523.79747808748;1620.42505311916;1753.87460797871;1901.71670067808;2065.15477333591;2206.51037075368;2309.56363735967;2439.06962718124;2620.83379040874;2937.6287981042;3143.58550275239;3368.05616403141;3555.50525970603;3848.95766369191;4160.70332471531;4547.48001638788;4954.76184812582;5136.73964466824
Barbados;12705.1228737181;12630.94303922;12887.8262164847;13368.3499351522;13873.8960912826;14816.1172972448;16098.2105334943;16820.353282898;17190.9462185782;16374.5150748113;16127.8113837512;16304.3824246065;15310.1139268025;15334.8282457896;15175.4956415237;15510.6612056616;15951.9586760888;15789.0411622149;16051.2558119276;16300.422208391;13344.5991750492
Belarus;5808.35742587087;6248.21138224153;6709.84550284634;7367.19377907469;8489.48408699124;9642.42979250313;10994.7667382994;12317.4565015173;13885.7467207654;14054.106018462;15360.1478975791;16563.2014078209;18105.2867180444;18994.1901887615;19008.0610153147;18095.6651782737;17785.9431970966;18356.1007741722;19430.2787724315;20094.5258122074;20231.6650123719
Belgium;27796.6460731837;28800.5170490185;30282.2886450283;30901.0031866127;32036.5012287535;33177.8909458158;35212.0235620337;36746.5513746828;37883.3319417819;37777.3278274072;39870.4948741712;40942.372710454;42290.7620520019;43671.11959259;44929.685593416;46200.904454307;48597.3999826201;50442.2705419624;52623.5596660316;54918.1661960147;52626.5816380304
Belize;5558.96822664365;5765.98287471288;5963.26135829195;6467.38049826304;6781.22227577658;6945.2678234197;7306.60713099128;7347.21502657259;7554.68790845639;7438.92310574861;7563.89656837941;7684.82986218843;7272.83658727039;7227.21356304606;7190.08610834646;7235.7101776584;7236.93095940656;7193.63430990345;7436.04610686127;7558.56791733533;6455.23182092725
Benin;1759.72035685933;1837.80533245199;1894.9988812774;1936.88097220494;2015.63776609052;2052.52885319768;2135.26376995317;2258.49268078074;2347.92432443978;2353.63289269548;2364.11963636531;2416.32736232359;2498.4957725647;2669.68821953416;2833.41275279485;2886.82913718973;3004.80780499086;3044.51715620319;3236.670417183;3426.32965445391;3504.11898086896
Bermuda;53983.1078026503;58516.5905351976;58183.9527692697;60886.1212204319;63560.1431555502;66207.2545861455;71580.6220719766;75534.9776006507;75121.6481270249;71040.1736780952;70620.0806836706;69998.8434204712;67453.8205236015;68993.2274876771;68775.4467426718;71873.2280578182;76362.0514142141;81834.9558735543;83377.0646748086;85263.7630031759;80799.5169395156
Bhutan;2696.37839136602;2923.11646372663;3229.50883026657;3480.08417066715;3723.4617282224;4056.15255166907;4412.51005792387;5302.73422031415;5608.4944604718;5972.87056933915;6693.51591287704;7295.85332842291;7912.14464450907;7989.68917892584;8666.45572463658;9500.65071564979;10457.244384538;11142.4746724654;11620.9159001164;12366.526476148;11126.0714856363
Bolivia;3437.61642755021;3504.7363793401;3580.81433483703;3677.6399759058;3863.45202084525;4086.37610778823;4335.38171739243;4575.66423712888;4868.44264066933;4986.4579138539;5167.11031871591;5460.25705795265;5921.64890711782;6624.80592182792;7056.82836431613;7133.87314496226;7499.77274089787;8423.69755843668;8863.34916107392;9093.43165872246;8272.40981448879
Bosnia and Herzegovina;4600.15963006774;4793.95238917218;5196.50314203661;5456.1879384513;5944.40028704466;6479.66260105336;7404.11483208423;8186.5690483975;9028.82576133884;9035.26440116805;9355.42706816651;9976.45970879235;10304.0790343584;11016.5604302948;11433.2157949148;12010.7119447824;13072.1322445538;13753.8316155705;14916.7850132616;15847.1340401587;15732.8357188053
Botswana;8461.96702260085;8507.00035088127;9004.94805006357;9431.86518960247;9772.37954062074;10339.5028934892;11311.7552206419;12311.8116601007;13055.4875794492;11912.9166996517;12862.4913329131;13729.859269143;13091.9801216906;14168.0821766891;15702.8727461301;14639.5584289553;16638.5204979364;15948.0320233624;16611.9043872002;17039.2621878762;15452.7261084472
Brazil;9060.78866695732;9260.76838093081;9568.06602729728;9733.77330392262;10445.3471782104;10988.9611484477;11642.4470546838;12549.9309993023;13312.7667574522;13269.1221073249;14299.5551384925;15040.0610864372;15046.2901818178;15588.7261289147;15718.5649500141;14744.1136344695;14256.163385421;14524.6135408174;15020.4382238881;15388.234915991;14829.8904171149
British Virgin Islands;..;..;..;..;..;..;..;..;..;..;..;..;..;..;..;..;..;..;..;..;..
Brunei Darussalam;66439.1367194862;68349.9303844996;70717.7790012773;72755.3211265061;73808.3213789057;75214.167116211;79772.8905497993;81012.9900947598;80036.7459938278;78298.5229939319;80280.0244489225;83935.2257151622;88245.9583498698;83788.5108927602;81371.2308691448;62540.6252209261;56297.2267116989;60994.5315563275;61839.1175656081;64724.1324324328;65588.2687709708
Bulgaria;6424.75575422061;6961.97276833489;7786.41700228371;8408.3560217176;9193.83105986015;10291.4533855198;11392.8766197617;12795.8412484357;14335.6690235298;14191.5715073501;14967.9355936349;15747.0351521196;16327.958407025;16647.0205273272;17616.9396692571;18391.8425194649;20074.2856950055;21469.9391535671;22957.4001338989;24707.0625985198;24619.9508867848
Burkina Faso;921.939176749921;976.160879295841;1005.42999058038;1072.46713586937;1117.46483140297;1215.57325780426;1291.48579644952;1339.73764860948;1401.95772721559;1411.12752844523;1502.10404736947;1586.57116112236;1619.39942588838;1683.10583320456;1692.30324218467;1713.52013591224;1895.29506603366;2044.38698676758;2168.66221320779;2267.50663763582;2273.17001852395
Burundi;527.080874650023;537.359461223141;554.944847680609;541.763919368898;565.042746654446;569.274971643531;598.507597533049;615.229559660846;636.332024089182;644.105174174961;663.05448953244;681.971621284674;690.687841656639;740.983221098929;777.041241495558;841.646025860003;796.944083373075;773.572858670972;779.808175667897;783.451983198669;770.876071590247
Cabo Verde;3032.19718269795;3113.16097707704;3273.95008970364;3420.20063315025;3813.68919727303;4146.06695277215;4552.22942052653;5316.85498281318;5711.2759169575;5613.7465582812;5692.54910540752;5966.84799990471;5818.90305855813;5792.91983252115;5748.09623755065;5994.40710298456;6322.91323439408;6643.17989182913;7028.99309072646;7475.12251980896;6374.26777606119
Cambodia;1075.4102030522;1164.58064562477;1237.65377684645;1344.62396744375;1499.08623618028;1723.31431659366;1936.88290122022;2159.6246093729;2314.46201172789;2299.38688435977;2427.24450158608;2611.30634889515;2868.73751520968;3045.59096086616;3185.33627228952;3388.7376383038;3675.03861980999;3928.37393363069;4259.20311888739;4574.40302707687;4419.83411043885
Cameroon;2028.82559144813;2106.63429185235;2177.16850000849;2276.83140075992;2436.45533313286;2499.66951977028;2601.50065969807;2711.60981878851;2765.93176436338;2781.28985080513;2816.79742422742;2892.44839355173;2958.69262357735;3129.85863840047;3312.54006384035;3395.62896070874;3527.16537164694;3665.11785084879;3800.97126711913;3901.14195980824;3866.07902724036
Canada;29362.9452451183;30214.092507567;30963.0530022941;32333.482974789;33911.0436805378;36327.2286544972;38106.3566318206;39555.5009794104;40376.3068799056;38893.7205280568;40114.1895852364;41666.7076267956;42290.9654102745;44298.5787342765;45753.7505547994;44670.0805385838;46472.3402486315;48317.0965785817;50239.9910453428;50660.5777927922;48090.9921673477
Cayman Islands;..;..;..;..;..;..;71406.655340209;73399.6882760133;72406.3431566275;65886.3297753441;63298.1776464306;64014.7419684634;62795.9026761888;62440.0072218164;63067.4199221543;64233.533979905;66639.5510604135;69753.0897229101;73507.5695160568;76747.6663062938;71567.3808143183
Central African Republic;674.440851650532;704.222542934992;725.61483382938;684.955920314678;730.746977650051;745.573232390044;789.209642056639;831.608980433439;849.941050174164;916.187705564127;958.921104128334;1012.65740130414;1102.02752561172;738.474892262448;720.324109649209;787.012906484635;851.072671306351;912.803045335037;955.513744292128;985.112041352215;987.276727022277
Chad;765.583256899893;841.131895065803;891.92272257169;1002.79535771602;1325.09610042437;1545.73941230712;1547.58505903577;1586.39517827262;1612.14549869414;1637.80434115976;1819.69507191267;1797.74979651577;1730.79396361338;1569.05870411625;1677.0903310444;1820.0599087617;1664.51258599391;1587.03232784726;1614.16828691983;1646.42839054023;1601.76172724145
Channel Islands;..;..;..;..;..;..;..;..;..;..;..;..;..;..;..;..;..;..;..;..;..
Chile;9553.56849069601;9972.65166946656;10333.0609557183;10841.325904755;11812.6341256259;12746.5896892655;15753.9601005362;16941.8298335969;16501.8098843946;16159.6071479931;18161.8092446236;20342.5614772686;21507.6925701952;22439.2732478593;22786.642771331;22698.5456555402;23437.5925260344;24470.7036236997;24740.4961524432;25974.7316377039;25067.6916009163
China;2920.56079076815;3210.00939572914;3534.84912978684;3937.31287532441;4425.87419106099;5053.94579810189;5836.57343667871;6810.60390010026;7574.22445504338;8307.84951896429;9253.76518771214;10292.9404780675;11168.6972979775;11872.4973811617;12480.3385303781;12897.5022868592;13483.3772665319;14243.5326108491;15497.3599948376;16653.338843518;17204.3558316712
Colombia;6690.37375083775;6843.73903680457;7018.08201847342;7319.54321218707;7806.05050932725;8324.75468840448;9035.56563955056;9781.97040788477;10179.2448415524;10258.9708392748;10731.645914959;11604.102283016;12018.6512847411;12727.764931531;13307.4245015783;13265.7972569151;13812.0960563446;14171.3205005648;14865.8932403218;15621.0873671586;14570.2367427105
Comoros;1801.76413418643;1838.35545633933;1865.26716452511;1894.19995695565;1936.00679812712;2004.64086829639;2069.87974361153;2091.74198352579;2165.07542529474;2197.80866358571;2252.87770644599;2337.02761944511;2511.50597918595;2636.47297637723;2716.82752451541;2709.56253991486;2863.85204380798;3032.26213308112;3146.90174765251;3188.1754621661;3151.9571447805
Congo, Dem. Rep.;447.082160419758;435.076432921769;441.820273107902;460.770125695347;489.420095076424;518.840324513769;545.151387440003;575.749076420598;603.287907483324;604.844173462366;633.913133471598;668.940881028426;669.567442630972;753.485168060936;849.760818562134;905.45059935323;963.66927221216;1059.81076228861;1111.9657900707;1144.38102852206;1141.39393437139
Congo, Rep.;3699.22840624596;3813.74770850913;3938.43223058317;3929.60019058186;4052.51320216562;4363.25091354379;4695.68828973156;4350.75200478212;4555.98509014028;4959.39624417032;5349.82956075429;5428.24153532541;6335.78575193988;6069.00098516396;5931.1339160899;4639.74451767185;3839.96160000024;4234.65988322969;4022.74881361541;3987.49015807688;3620.96829731244
Costa Rica;7838.4399168426;8142.67203460157;8414.65774949844;8805.39497374121;9305.99188360408;9836.96227015174;10727.2032806153;11760.0655163335;12392.2856767078;12219.9404904944;12863.8495103757;13545.9317746231;14321.5183732954;15005.9193570501;16067.3307687659;17090.796576083;19075.0044670019;20347.0347715873;21022.7651850904;21833.966610898;21143.342816956
Cote d'Ivoire;3273.82866717885;3196.19244473659;3088.7238462639;2934.71765054852;3045.53566172633;3105.32367160543;3219.15055011122;3269.4571369662;3415.09339388131;3484.50843196153;3679.6009110919;3470.92983406896;3558.63106764748;3867.32387620621;4319.57865464426;4652.88961920098;4726.98073995015;4830.75051522678;5154.33170207433;5432.99260799494;5463.47925943116
Croatia;10688.2516680155;11660.6427775244;12769.731095698;13668.110515029;14663.0315403489;15436.6666305039;17572.2348390391;19469.6238253712;20921.4620652958;20164.3061631576;19982.4967444903;21014.6553175893;21397.6448488406;22081.1234112986;22325.0971964267;23301.1995586888;25210.8840988423;27154.0861451509;28960.3845669974;30989.5809910097;29133.989479622
Cuba;..;..;..;..;..;..;..;..;..;..;..;..;..;..;..;..;..;..;..;..;..
Curacao;22701.9604438782;23897.7519760967;24342.3445432778;24358.3499396975;24637.5808585686;24932.8903409633;25445.7018014155;26251.0517831728;27005.292515917;26890.91975277;26884.2709168924;27224.4009690808;26175.4939023336;25921.158411774;25379.297699527;25090.2081248596;24808.4036650153;25475.4896636129;25656.4585326602;25530.2068655375;21405.8505163435
Cyprus;21297.77084194;22871.7203952354;23556.3185266039;24254.7959809354;25923.2334822354;27763.2263803954;29975.324186549;32841.7194326633;34830.1217363099;33909.7338795686;33449.0863922437;33313.4700633805;31834.7201145622;30375.1189156952;30080.3000080402;31815.1397351446;35719.0663731245;38050.8577356233;40476.3862698991;41514.5105084213;38458.1912618072
Czech Republic;16242.5431891497;17628.6771451603;18252.5727653685;19517.9356689444;20914.7332340539;22095.3878539836;23891.7047437885;26250.4764062027;27974.487131849;27781.9446709234;27903.2587161981;29001.3680365492;29254.7312685144;30818.1081558477;32502.4753540118;33899.2865661657;36097.7052556977;38824.8879170919;41134.0898758874;43316.3274410414;42049.1859541573
Denmark;28670.589999229;29450.0429841243;30640.3456230968;30788.6245747735;32911.4015319318;34150.1594558945;37284.4547535413;38958.859532939;41278.3268270571;40361.0963878281;43035.8920627169;44403.3848413929;44803.9682421214;46726.8541437832;47901.4473627066;49045.3391904109;51976.0057060956;55356.680780178;57456.6118315406;59896.5674986035;60551.6401721314
Djibouti;..;..;..;..;..;..;..;..;..;..;..;..;..;4103.94120366257;4289.03424993655;4574.44985165724;4692.55068910026;4885.20503911992;5339.26107514241;5768.83108992215;5779.60986998271
Dominica;6516.29143017317;6652.96393727246;6551.18517229743;7070.25843973391;7451.80800128178;7713.17410884693;8300.62876800022;9054.99374766821;9884.01154811376;9840.2388784557;10017.7618724744;10199.1242353027;9946.83026464519;10145.9193773568;10909.3766283126;11141.2010963286;11949.5340594635;11304.0433278877;11804.345863069;12892.0210996239;10849.1867569581
Dominican Republic;6760.12887876537;6973.54280520399;7295.05736783111;7226.72128148795;7506.73376097639;8356.00840221911;9274.89754992466;10098.6989654173;10491.6151457835;10539.3989175546;11410.3534599665;11869.1230948161;11900.4850051553;12482.1621152034;13475.0111677589;14740.8268674233;16109.8636711409;16735.3644228294;18137.0523994947;19191.5803869457;17928.9770702416
Ecuador;5838.9025248881;6094.3518297918;6332.18587423771;6513.29940403056;7117.17066810899;7598.9506417776;8037.88613710275;8294.64314944288;8845.55389092678;8818.67952261285;9090.31005023095;9857.52052282788;10311.4045972003;11153.6852119041;11713.1759081751;11060.2862685275;11034.26917908;11617.9122190573;11839.3432355586;11851.4654079335;10891.7147430596
Egypt, Arab Rep.;5794.12525654866;6015.09573582915;6139.67898913655;6334.5712788004;6648.42901856206;7033.91892170753;7606.75573398818;8219.48274929236;8820.71650563293;9131.49909819552;9522.50916306002;9686.0462638774;11092.7432596071;11221.3803859221;10895.9431672625;11512.4021442637;11192.3730101321;11014.4864791744;11639.2390898864;12260.7205373863;12602.3092736096
El Salvador;4466.89622730258;4574.67101474036;4692.30731825899;4828.40190238636;4977.80679954569;5247.31155659359;5615.68672543057;5848.36915211128;6063.1485118757;5956.67744591121;6126.97339476277;6465.8084892608;6541.21616386338;6877.14637566515;7233.1952211983;7597.68917351694;8038.62979428837;8454.05216690571;8822.5507744192;9147.26106629205;8417.35052886245
Equatorial Guinea;8617.7350665838;13808.0231851848;16076.1818922544;17891.3194541957;24283.6950092741;27963.363619494;29646.2863921709;33506.4476563378;38407.9243001727;37447.9232203122;32965.864655974;34279.977000164;37570.6353966964;34766.0438762572;33696.2164869995;24042.3530728913;20458.778595283;22550.958161123;20875.478210598;19285.0362474418;17933.8399807187
Eritrea;1528.58365866223;1639.99834733719;1642.45989228575;1553.45551980097;1547.72245393989;1575.14228517438;1556.66015549904;1578.902664939;1420.73827020827;1459.83008378832;1485.19749586246;1625.50767298855;..;..;..;..;..;..;..;..;..
Estonia;9425.39186598705;10318.7242837216;11663.2715046648;13119.0234360351;14524.2842720795;16634.8927393745;19319.4214911288;22168.2505460957;22802.3421764634;20492.9510824178;21635.9742031175;24557.2361475947;25996.0467779508;27464.5186781161;28945.4653303277;29175.9259267894;31312.7522996878;33821.93290847;36158.8196517341;38294.4773615386;37925.1167990798
Eswatini;4721.96956239458;4837.106053724;5101.42952973323;5378.04199868851;5703.50576523464;6208.02654850338;6743.02954493251;7185.80993113114;7334.44491171221;7452.68629709854;7771.33143932733;8057.56380133461;8266.49172472382;8708.44027948732;8798.29399019978;8813.00878153511;8705.84316961283;8408.03591539676;8725.16279270436;9018.85428202091;8862.43873631802
Ethiopia;482.884385700578;519.271669909084;520.339286837525;503.972469824918;571.403661559689;640.658143594136;711.587039630853;792.35361271386;870.715266913154;928.62556339917;1028.32375916808;1134.78450923447;1213.59597169934;1283.57044925133;1513.70323628954;1657.34470426365;1878.81268193814;2021.56290796009;2154.02087685878;2315.34773012818;2421.90986275822
Faroe Islands;..;..;..;..;..;..;..;..;..;..;..;..;..;..;..;..;..;..;..;..;..
Fiji;5836.70323240337;6062.25449769842;6344.80659829273;6520.69538201286;7035.74951726276;7272.41971049843;7573.56300502875;7634.16881846066;7777.73869404715;7653.44494047449;7914.10092561106;8263.04546194271;8839.51586223556;9536.32634910738;11346.9457863033;12412.3506858719;12631.9122008691;13429.3006222384;14178.5633985018;14262.9995440375;12074.3452291337
Finland;26796.3603423706;27807.7081100488;28605.1223159604;29021.5670530932;31175.8834703703;32051.7940038456;34409.0274886861;37792.4143812135;40083.6972699668;38000.2456254076;38986.2159635875;40916.8385790274;40873.0953326066;41493.1416470359;41757.4021894413;42497.7049785783;44934.4482077785;47570.133583848;49706.5970899487;51521.3348215883;50810.5274084823
France;26101.9688962674;27501.9337235641;28523.8861886505;28143.6408076059;29036.386661244;30498.5768807102;32425.1238753017;34079.9312716648;35095.2656832956;34703.5984181258;35930.3143995293;37440.6334729758;37679.1189105924;39523.8551519345;40144.0268283679;40849.9973780501;42924.613626021;44577.0645745394;46620.6844834466;49619.9097123955;46712.0101128339
French Polynesia;..;..;..;..;..;..;..;..;..;..;..;..;..;..;..;..;..;..;..;..;..
Gabon;13852.3502868003;14117.6989406454;13968.8225732337;14199.3111976553;14315.1090497268;14755.3704074531;14366.1874865316;15187.9208196455;14517.8476438716;14177.1735316114;14837.0170141476;15638.7471684984;15356.2354244887;15114.3775115057;15370.9679935145;14699.5360478349;14286.1897045921;15006.8440374987;15097.6916533021;15577.9187568638;15100.7409671358
Gambia, The;1913.77573032594;2004.7378453993;1908.25810730943;2011.81075527716;2142.75816430151;2091.54609446881;2078.64229154324;2134.51896463704;2244.4966090246;2341.67944907236;2434.88717523517;2215.75710377647;2199.77775031536;2121.48963271537;2027.03635591229;2066.85935860117;2068.74780128011;2072.64683284207;2209.89259276595;2319.00114098602;2274.20904983846
Georgia;3104.51566879805;3377.05112661188;3650.85722618158;4157.87940249166;4545.29312196367;5169.06242530316;5860.35839090633;6810.19084575205;7132.20527273598;6986.00455062308;7564.06307018208;8360.29720703065;9826.05275341086;10611.7741169939;11575.547210705;12089.1694050447;12858.4834001898;13589.7073915159;14595.6306437119;15623.1529588881;14761.477073018
Germany;27210.8722581114;28380.8115526088;29178.6374658122;29877.3263697634;31307.861593288;31794.0960095207;34114.6212431731;36243.4604251244;37802.3874303197;36842.9161976042;38982.4263045636;42541.5310884096;43359.6148271723;44993.8927459315;47011.5510935131;47609.7810045816;50579.6839299266;53071.4555699913;55142.3187778789;56284.9805214619;54263.649614552
Ghana;1771.53655479376;1837.24933729614;1903.1467390689;1989.76621591995;2104.81052490528;2241.28661214251;2394.92984801893;2500.80421792671;2711.87535105244;2792.96783421253;2973.83342186826;3379.48459855514;3781.86552893947;5294.82002761066;5568.23595709396;5206.02887134007;4992.73033905348;5115.90675022862;5442.8721471509;5774.3338132172;5742.2931946645
Gibraltar;..;..;..;..;..;..;..;..;..;..;..;..;..;..;..;..;..;..;..;..;..
Greece;19524.6802172826;20963.8427229272;22615.9356074635;23871.969989623;25439.3544311274;25577.5241052346;28510.9425374082;29284.6739561141;30856.0118395987;30381.4903146476;27934.4082344923;25671.5160853562;24911.119631324;25986.6503155014;26625.0618096799;26760.3633030256;27511.8010160972;28604.8609402657;29652.9308800022;30841.7028502236;28377.3942736576
Greenland;..;..;..;..;..;..;..;..;..;..;..;..;..;..;..;..;..;..;..;..;..
Grenada;7641.24942559965;7620.79834623061;7976.99384901288;8862.70977596244;9012.66264799437;10495.8283551972;10353.7204895313;11256.6055061126;11554.1986443002;10838.4291881372;10863.4810030685;11116.7478882167;11163.8153053984;11887.3578830457;13042.0556249047;14151.9010690754;15025.683836939;16217.4998498411;17231.5122297741;17580.9007123125;15277.5602377275
Guam;..;..;..;..;..;..;..;..;..;..;..;..;..;..;..;..;..;..;..;..;..
Guatemala;4763.6604208456;4863.44667679621;5013.51161965312;5124.38873294152;5313.30678615953;5541.98033488998;5894.58435338262;6310.61154582917;6518.38840007268;6476.42568562952;6618.19053228711;6910.87650155221;7204.73293807874;7446.58800936721;7758.49316980639;8194.44068126819;8221.74642722194;8322.21680991504;8665.34726097301;9019.25606239135;8850.37303269596
Guinea;1224.34093577932;1269.79611452288;1329.79939924299;1345.23912204815;1386.43959589011;1442.75764774239;1472.13032304565;1578.98272513826;1638.24924149847;1595.24056141792;1653.71943629807;1743.94910921465;1795.44780781654;1811.33251750093;1804.54328262549;1819.36234274976;2078.64100321761;2417.80379491483;2559.72476578084;2675.59369518887;2816.27324721277
Guinea-Bissau;1072.50981869902;1096.47704783482;1078.8038541593;1080.2477096133;1113.75747338842;1169.45304070807;1203.45094585613;1245.39779136994;1278.24675129574;1298.20126740959;1338.98104821401;1439.28343467148;1355.31356354669;1364.38360971298;1378.23754028997;1597.20425429364;1746.75274593369;1925.23773659951;1947.59676042334;2021.30194281608;1948.07663529473
Guyana;6014.27843077742;6299.05574417585;6474.78832851104;6550.23130364102;6826.28668762988;6897.71965252718;7469.20050496154;8219.83673713825;8510.44840898141;8896.99490447837;9319.39241925339;9987.42142760934;10479.7780774689;11023.2296762194;10951.7932372614;11198.3011463181;11296.7699725276;12005.4051046745;12777.1649920039;13635.4261279368;19697.2437857514
Haiti;2188.41921435036;2191.2138063361;2211.94273959824;2293.20810098618;2286.15830483806;2390.63063270089;2466.44105099971;2609.8518414406;2688.51644729548;2824.23566975369;2654.6874953426;2805.72729497687;2762.4402754772;2952.30387694134;2965.47903286886;2898.6246609269;3084.03383445855;3153.29938869996;3241.30326869021;3203.30003894468;3094.04145359071
Honduras;2591.33182006218;2648.81186176896;2720.27367721583;2824.6066131014;3006.69595514001;3210.34858637193;3443.77085935893;3671.33194421853;3816.83524756931;3674.23095544369;3778.4619238786;3928.26853820829;4032.58085606675;4142.23845579365;4452.5879909675;4823.39539552507;5147.2451332568;5561.99454219124;5816.74732402308;5978.76439909738;5418.21581099383
Hong Kong SAR, China;28253.1936518297;28821.6593999473;29631.0658133959;31165.2222565695;34518.3796002245;38056.7033208245;41697.080015095;45195.0405697743;46773.9048738679;45872.586370668;49185.2278668442;52277.4664432843;52234.5923178244;53691.8374784984;54781.6471649487;56408.936273748;57221.4137637583;59849.2481763342;62529.0574941399;62106.1008812827;59212.0506045374
Hungary;11858.3344508621;13213.6356338754;14526.3882629125;15465.3653776334;16258.5222794616;17112.2021738707;18364.8132035321;19076.6705990969;20727.8899694383;20745.0436597576;21768.4446591546;23038.8080197669;23275.2318574574;24556.7153473909;25699.7504973846;26806.5952452257;27947.6376911698;29501.1204204706;31862.8825083362;33961.565613288;33253.8800301179
Iceland;29792.0463772877;31889.815861583;32607.1058796568;32665.5424036012;35586.6877529688;37322.7399272793;39647.2273981964;41413.10223617;43728.1140564123;41895.0057150338;39805.671156625;40936.867830513;42004.4476110597;44409.6689530904;45996.9687476901;49201.0640964553;53480.3971946764;55638.4920591796;58317.4393384787;60132.7119255444;55224.6848020653
India;2095.64700617136;2206.44816483846;2287.63002432831;2472.10373642451;2695.89367354208;2953.10925891283;3237.29479935858;3525.31445360065;3650.94294321966;3912.41821142619;4236.74434794867;4493.6694656757;4861.15615236202;5057.23341374821;5233.88234251319;5464.85917800941;5839.86481675337;6182.92210857444;6675.36129410783;6997.86398824082;6501.52607124267
Indonesia;4743.94471656535;4956.36110518706;5190.36506184994;5465.26410319843;5816.18175310762;6254.61438201153;6708.57559394908;7229.53828174622;7710.66630411965;8021.7480651122;8505.74814801885;9095.74172295514;9713.90048730631;10067.465744305;10278.1773057998;10247.2063381531;10494.4738000481;10935.6317158256;11644.7585390353;12311.5032732923;12068.2397528076
Iran, Islamic Rep.;10300.5318563984;10484.4093180667;11284.4301742386;12341.6113436569;13070.5594888626;13745.9204152237;14702.9592970904;16150.3345044379;16326.3227349257;16433.260155174;17388.8956144627;18008.8017990523;15950.1005222497;15273.8423174397;15235.7016903585;13588.4688130805;14011.5497101713;14535.8735778483;13795.3174673184;12913.1628381469;13333.0465853707
Iraq;11058.4674567677;11162.5268014724;10107.2853122182;6339.83580001657;9731.94000223657;9972.2761727672;10646.219957566;10953.5285487172;11883.3682503173;12127.6264613821;12717.0171365756;13515.5459272349;15163.3501421971;15535.345982143;13888.076375953;9763.90409031016;9428.60662077185;10526.3709148753;10809.4724101413;11398.043737084;9503.18514874292
Ireland;30218.7826324208;32581.3613276543;35222.028724352;36245.7174606118;38701.2532742836;40466.2343515711;44173.2184534255;46716.7120069338;44169.0943411644;41501.6092754097;43236.1514623189;45080.1886960425;46361.463694173;47830.6308878373;51098.2666828245;69028.7727189836;71498.6010072841;77749.2019569363;84665.6062347313;89550.7266569961;95237.2412988405
Isle of Man;..;..;..;..;..;..;..;..;..;..;..;..;..;..;..;..;..;..;..;..;..
Israel;24951.3553109619;24929.4790606475;25230.0115735794;23833.563935241;25225.5538135731;24853.777869328;25704.5341594762;27513.6083699099;27510.0398505497;27551.1452571337;28906.2754347396;30636.3523794417;31846.3558349163;34324.3781471447;34366.1810180223;35469.9501969785;37843.1946259033;39121.2958325461;40690.011827923;42296.475025204;42390.8775539448
Italy;27084.1918203274;28045.8607832132;28736.5771073504;29166.8324471885;29530.2153083267;30130.6444569128;32410.1780280678;34099.7862968923;35523.2713104342;34628.3972092211;35185.29289013;36598.0149693024;36486.2967870302;36314.6971007775;36194.873918843;36899.3852092463;39926.9546628592;41581.120790548;43119.3531893367;44950.9340259656;41890.2087937373
Jamaica;6355.8472555378;6533.37375669328;6723.67797400257;7056.14797251069;7300.05846676836;7553.20140626909;7965.47713872543;8255.17353330254;8306.50486208059;7966.13079910865;7900.19947850272;8159.87616499912;8187.19367364946;8442.98366743102;8545.10283669967;8792.05695694686;9194.15673929581;9600.10474580389;9968.59449282081;10190.4746507783;9238.13416484805
Japan;27282.6024371102;27926.8588614437;28623.5884479367;29405.5192728507;30839.4388802197;32169.867493646;33610.8735035373;34994.2549671834;35273.791152156;33567.3881849322;35348.9726813848;36214.4397740241;37605.9742614539;39402.0250988025;39555.4120089198;40898.80697396;40623.0186579214;41505.0824777862;42386.3998113243;42896.3310930192;41732.8686151145
Jordan;5937.2120557616;6271.09480683764;6611.77107475455;6864.40892478109;7452.61881488401;8043.57046247319;8619.9057615028;9171.45117681501;9565.49434635629;9628.06041278083;9460.29137317501;9402.61620431877;9189.18921425581;9322.30245386442;9181.04637245796;9464.68224216374;9445.91686299562;10003.5749827297;10253.8174501169;10497.2979196497;10351.1525050763
Kazakhstan;7733.78944277979;8985.65550061219;10021.8969616521;11119.8870659711;12428.8368274929;13934.7211410695;15725.3455018466;17384.9245216253;17968.236337141;17962.8301156342;19225.0769114856;20779.4442514491;22032.1745436853;24504.7660856694;24726.4728671586;23224.1178353573;23818.8248260141;24862.9661245889;26157.6596496269;27466.2206186576;26744.4140255361
Kenya;1829.90549594178;1888.50060259228;1877.24776077419;1915.56864799582;2012.05347434018;2137.90313421487;2281.36970575576;2434.79231785387;2420.01464325445;2450.74977904484;2607.14450931565;2723.54644927835;2830.69437284951;3097.63062683564;3357.64164087167;3683.04191069911;3930.893857889;4203.58501078548;4443.17910861396;4641.08037691904;4576.20046945064
Kiribati;1582.92316853208;1567.13680452357;1624.51399501952;1658.77443549094;1644.97729239503;1745.09307498391;1758.50162056993;1800.68523620503;1756.75297072952;1746.02732699352;1716.01467883602;1749.11800448005;1838.1892842938;1921.67690185163;1916.91658718487;2106.86679964265;2206.48775955052;2235.70735994823;2341.19232850631;2439.36493007912;2382.5472879492
Korea, Dem. People's Rep.;..;..;..;..;..;..;..;..;..;..;..;..;..;..;..;..;..;..;..;..;..
Korea, Rep.;18539.3769836658;19713.5272991316;21396.8377455369;22084.6263884302;23763.54553027;25186.8675668092;26875.0704832885;29050.3756482503;29946.0774891302;29529.8844171355;31748.2817947701;32546.7536531234;33557.1287196434;34244.3121393117;35324.4976704773;37902.4004037578;39575.4542830031;40957.4180587145;42487.0419465669;42849.4790800414;43319.2382988573
Kosovo;..;..;..;..;..;..;..;..;6539.17954476937;6865.4178980303;7230.20512967354;7780.59446355734;8039.20797587196;8383.39731100106;8649.44949912369;9357.1351357728;10007.6892341976;10436.1688459323;11013.3970807579;11797.1193174485;11383.4047327921
Kuwait;56179.2950242883;55943.358109176;57617.5352981834;68071.0486418975;75700.701887299;83689.2693299015;88660.5211134062;91473.2067021071;90096.4356867852;79424.3808368516;73965.9706064094;78178.220365833;82680.4059382088;78058.3800591345;70082.4628390641;47230.6601329032;44685.4974338707;50855.5529145289;51690.5689570475;51962.0477631393;47289.3716788981
Kyrgyz Republic;1863.73918996644;1987.03171156194;1999.67267333691;2157.26538583233;2342.49274373412;2384.17802618996;2505.46516840785;2766.05448201973;3027.86302353124;3101.33692808776;3085.65193549234;3297.36683733653;3618.14972576533;4042.89305300409;4281.82407398556;4214.82950886186;4681.17473284248;5046.69153549095;5256.39792245424;5480.7426980282;4962.8845054001
Lao PDR;1831.9688178722;1948.39496562125;2064.43069287024;2196.99165097596;2363.31882940603;2569.53695938615;2829.04196752427;3073.74230404589;3321.90977582414;3538.64849919854;3822.62530696679;4150.82613441104;4841.6453151231;5289.47800666765;5873.74929676345;6168.48130240193;6843.55958300796;7257.81210698745;7775.13187646145;8220.1788729593;8236.09839129708
Latvia;8043.00569944046;9048.46350942732;10081.1918636281;11049.5492635317;12268.4158420962;13913.7883003324;15838.0960307176;18214.4611078392;19573.1553855671;17036.2755821982;17720.4302800163;19248.419400173;21290.4595879;22639.0683375842;23815.8000623115;24972.7860869932;26721.7261996962;28673.5633962664;30811.0717912799;32240.8070186573;32212.3931615542
Lebanon;8952.11692721899;9146.92721256844;9170.33142067268;9189.06503845454;9667.99948282453;9955.02055625405;10281.7257712846;11522.563002592;12819.0111640016;14095.5675986609;14961.734925357;14669.4158186121;14819.5910065295;14976.7807369919;15029.2750434859;15105.9569116377;15535.5046481724;16043.0606967963;16054.3624558892;15179.5802077558;12114.0605619779
Lesotho;1256.21619985023;1327.57742729526;1362.29025889422;1459.11030722048;1533.17180210684;1643.78795997605;1770.65411624528;1897.23119034139;2040.72878279478;2027.40340076815;2153.15499407616;2290.12869540648;2308.92903476102;2563.06835117203;2804.17866694461;3077.39783427095;2990.28370292122;2668.29142526247;2677.43631433685;2693.19837267117;2443.16812544831
Liberia;993.403659135788;1007.52974970358;1037.12222982553;725.385427162219;750.144320446725;793.494672404154;853.792032369622;923.515010034857;967.94573927535;987.008157068945;1022.05648409605;1093.5403199434;1204.51655551205;1387.42164069362;1417.82928617835;1312.46276613004;1429.79208229377;1564.19768164013;1581.03948488783;1531.92018587052;1467.81178111604
Libya;18043.5693183783;17830.2270421967;17653.6789022732;19998.5860744017;21116.5771082048;23987.5462296911;25925.3661924822;27896.3033844386;28792.910311347;28430.0841718262;29895.200306028;11482.1006621486;24285.2962607423;19869.1392687734;14303.0129938786;12220.0234015984;11108.7236834015;13238.0005389502;15378.5727636163;15815.8769077968;10842.2525264954
Liechtenstein;..;..;..;..;..;..;..;..;..;..;..;..;..;..;..;..;..;..;..;..;..
Lithuania;8449.56543083844;9440.15402011979;10480.7210077901;12055.2307165504;13019.5747299918;14510.5300945386;16461.7907353228;19071.440238685;20721.0131961211;18130.0557062015;20112.0978087158;22884.8249519631;24703.6858202502;26721.5796712844;28184.4723303858;28834.4276801135;30925.1708493589;33761.871239796;36365.3604906639;38805.7494336426;39191.9487135082
Luxembourg;55141.2546903647;56149.4687507859;58575.6792717544;60134.5212013153;64638.9808698579;68787.8547494266;78773.0192805277;85006.6446125022;90970.7211980147;86939.7825552494;90430.7561785984;94475.0302265023;96636.426643956;100925.011992241;105296.284588232;107859.685999308;113365.176082265;114985.842235989;117245.278888845;119415.469772879;118503.551004677
Macao SAR, China;34957.4458328627;35903.6145530702;38757.9138758894;42986.6761913187;54543.3987851778;59366.3996868845;67816.2011331858;78028.4673214714;80531.3992061625;80435.5939149709;99581.1358896986;120804.824153496;134012.014837169;153563.910960352;152856.3410853;116298.72955162;114893.015331393;126144.104058125;135551.807872645;132654.896700257;60872.8389642239
Madagascar;1295.84769028038;1360.81804647752;1174.40836053475;1274.20005727529;1336.76551621615;1401.93022091848;1478.50289452799;1559.22791109797;1648.50371739881;1550.57801091411;1534.89112152889;1548.32741597957;1530.9340896198;1535.48843476948;1555.82248042838;1546.83722027581;1606.66740538551;1584.4245185911;1630.18935661644;1687.06922724222;1543.58530445189
Malawi;965.872951048682;914.713240954178;922.255371141584;969.271613218135;1023.58983881031;1061.99455726456;1114.85175571915;1220.0820087804;1301.18411473162;1380.05580229209;1449.88396694258;1508.19213217463;1467.13818103389;1572.83347157144;1530.93075354758;1445.73511225774;1454.3589410317;1472.14686847702;1532.66847458818;1602.14678205936;1591.01270842341
Malaysia;12913.1749194477;12976.6757909642;13606.0510296712;14369.8270420309;15450.0485640401;16454.2153771604;17549.6029455376;18784.4843116974;19695.079208937;19193.1918612103;20508.7575347559;21704.7442727685;22985.8016562374;23477.9911663813;24607.6687337619;24801.8884320151;25546.1295181653;26661.5074160333;28239.5000837184;29623.4051587405;27913.2892702213
Maldives;8460.55196629499;8104.62618559633;8594.78380590605;9678.61476132894;10248.2502404748;8940.54434892845;11336.5738366033;12251.6573568451;13345.1670673242;12123.856562913;12712.3432126961;13542.9986741713;13690.7351991166;14774.1856353898;15993.0586879357;16768.7341787765;17411.3472516639;18057.9109233313;19245.0813901631;20335.5893322004;13438.4764126119
Mali;1134.54084522887;1299.11323091031;1320.21236468532;1422.56168591077;1437.30313074196;1528.69378242072;1594.96501250136;1639.39368098739;1693.71971543993;1731.26843862105;1787.16167369972;1826.64755699191;1763.84025100346;1812.96622016798;1915.30447153208;2032.65587188008;2189.00662171156;2246.79742084484;2338.53367649202;2419.88684123378;2347.11381483867
Malta;18363.4884177059;18518.5462389906;19599.8460391727;20907.9631588098;21527.4713485994;22306.6808571257;23289.8142057344;25028.7605053717;26523.4709226976;26669.1569670996;28744.7001159168;28973.1956258916;30243.9876570776;32295.8785989372;34344.1114460945;37455.0705857175;39886.9498046529;42644.0508459903;44482.2396843652;46766.7666801313;42640.1161038759
Marshall Islands;2418.29234548246;2606.2933415512;2696.38204630264;2646.63562292303;2692.77029384939;2801.82673284151;2850.283957167;3006.25121118336;2869.19595343828;2978.41654792611;3208.01210799298;3245.58466417689;3221.19465655288;3396.18764714644;3411.16024031588;3483.3315181909;3548.86888038671;3711.89600373591;3912.6987058732;4219.79343990091;4146.39346757044
Mauritania;3041.0702253779;3000.57466613872;3005.95073314967;3183.3181662141;3328.10640061893;3621.09155635431;4290.19748727981;4196.50015895176;4142.72234424078;4058.74088785121;4092.07881397772;4225.57126156528;4262.06369701868;4481.25184237154;4295.05148877935;4200.15256326701;4700.10626238273;5108.54913220438;5318.08595433072;5569.9952623887;5388.07890308837
Mauritius;9027.4255262538;9459.23214573263;9696.47890758904;10386.3468050591;11058.2433058734;11536.8766924448;12406.3264296181;13407.9774212466;14353.1130641042;14902.3542077619;15698.522154027;16653.2438040789;16963.5112414049;17866.3068173778;18488.0467911726;19229.8354887212;20701.2189720364;21415.1161096211;22741.3513182703;23836.9168863905;20522.8599427061
Mexico;11089.8134294426;11129.8690687861;11187.4769618308;11482.4495877714;12085.7615641208;12657.6376721808;13808.1773679803;14290.0671063978;14924.8216140502;14558.2449421911;15260.6208214691;16520.2592224915;17162.9273706838;17373.8974567258;18056.7898061476;18301.5004690469;19323.6658689896;19721.2609759241;20258.8104526538;20456.9643661642;18793.7445387154
Micronesia, Fed. Sts.;2489.33489950001;2604.77823686281;2664.00776437792;2759.36270856274;2753.53042112328;2910.62480240181;3017.9144443054;3069.22730771649;3079.90160152824;3154.9146810029;3265.53400159196;3422.35584577393;3388.22435736779;3276.42426147408;3213.90713510002;3349.52480552651;3373.95715550678;3490.13048688552;3544.00482035087;3612.09767201253;3551.99281591624
Moldova;3083.73543020041;3351.09425092293;3678.12846682428;4004.96099950252;4428.07283180443;4920.41306115406;5327.428299442;5647.72573249059;6218.49981632334;5897.39182807244;6396.08927156131;6913.60229203322;7363.1623193664;8381.67183313924;8827.05410758548;9254.84860512976;10610.4778427993;11651.3174546862;12659.983658527;13577.4065771993;12995.560410478
Monaco;..;..;..;..;..;..;..;..;..;..;..;..;..;..;..;..;..;..;..;..;..
Mongolia;3729.25149996333;3887.61721134092;4095.95647262826;4418.13842487967;4963.61772704887;5424.23011840358;5989.65998472923;6689.46229209468;7319.09689240988;7167.24678918012;7581.54667133989;8912.87339142443;10227.5302746287;10549.892056039;11056.2985279189;10648.2739820507;10737.4861306932;11366.3039371032;12317.4409245084;13014.1129028497;12362.3418342295
Montenegro;6004.40294521435;6773.19696044731;7100.2982332195;7333.33278757031;7835.75936727885;8313.65870253969;10444.7574795869;12444.2247131872;13816.5250006873;13031.708914681;13646.4721838325;14472.4255140477;13863.9654218727;14870.1718007248;15371.18462938;16332.7898998369;18199.3302901165;19682.2833488194;21547.2825351876;23343.9281654739;20542.7145972391
Morocco;3579.34995276316;3878.29043834641;4014.23916540692;4281.40038891461;4553.55713467899;4793.26702800313;5250.52167643913;5516.87427112371;5886.67211198563;6107.38027064461;6332.12566680149;6712.32317824853;6702.41832426533;6916.01303173881;6609.60910787755;7024.96308902663;7113.00459986287;7312.05677903856;7625.73575260725;7856.24505739729;7296.15806462019
Mozambique;478.310707291172;532.549896830386;574.149654439252;606.707277750018;652.795962157088;697.431101166552;766.276874849406;824.482004497989;877.598449107282;914.777067512634;958.937458879074;1023.06508419963;1035.52243745772;1084.98419022789;1139.05178224398;1291.26803368146;1363.67495320137;1283.65986980986;1320.70226453913;1335.98641094402;1296.92139528382
Myanmar;825.901132734739;939.087183795273;1054.92519029143;1202.79183488075;1392.31676831473;1617.62678007195;1874.90036379853;2151.94647490494;2421.71296672306;2676.9975605299;2960.24121524446;3224.50101969619;3547.13065293373;3782.57259536657;4009.96256191736;4105.44337698664;4031.17973614038;4224.54503061412;4575.13099039776;4940.15249914319;5121.9175591259
Namibia;5202.65565659653;5293.6097178686;5550.08102115218;5806.29946778991;6593.76263973393;6861.14612871679;7442.05620517631;7911.39503668299;8129.63007145251;8067.18288617816;8499.51964031467;8958.93231325387;9341.10668346837;9735.53264349043;10467.228042144;10633.294417575;10427.1217565842;10171.4214953612;10329.6550239114;10227.5826241438;9294.62433111893
Nauru;..;..;..;..;4388.56866309097;4413.98469674832;4984.52380321924;3940.87749856642;4893.41995828773;5343.81598292718;5968.35221763453;6662.3894954113;7511.78951965066;9913.08075621947;12677.7294911724;13163.7578750804;13645.4106308139;12975.3923824717;13963.7673923866;14099.4853537362;14334.8323222754
Nepal;1354.49523634581;1426.45437388067;1428.54947569054;1491.05904679104;1581.55906917053;1666.24845791235;1752.4997982394;1838.68764767773;1967.69982881858;2055.85226983614;2169.51535889719;2288.24933744554;2505.39181045661;2702.22496263423;2947.31648725396;2996.22046186766;2989.67500637537;3565.19780740052;3864.32212409671;4119.92233935514;4007.01280257845
Netherlands;31884.6894157317;33194.5230715568;34447.2053180645;34114.4175404508;35780.1066293166;37625.5617084958;40958.9189451551;43885.8313505338;46420.2016795592;44589.7191507572;45078.3181447046;46599.02103045;47272.1030187972;49241.5178406305;49233.2153954401;50288.5913949377;52288.4150841353;55088.6338006744;57901.0970130477;59675.1803357065;59334.214839007
New Caledonia;..;..;..;..;..;..;..;..;..;..;..;..;..;..;..;..;..;..;..;..;..
New Zealand;21514.4775494886;22496.7539260252;23306.2795376277;23961.418766871;25080.0399478;25677.4190803252;27744.7358884648;29355.6648246194;29827.1425475385;30700.5585671542;31239.1913090553;32701.3785970948;32988.6097597613;36242.6212285958;37293.3567850718;37479.6829800129;39955.8030258734;42285.319902666;43930.881423072;45073.2030753169;44212.8764754188
Nicaragua;2783.22891252777;2885.20362106677;2911.09479290476;2998.08761692462;3198.34719897089;3392.56217832768;3590.83108463621;3821.59213644485;3974.72954977733;3820.50291722455;3981.08092009041;4263.15777678703;4427.94692395537;4610.29898129055;4941.6997020079;5293.87046224287;5694.05428740789;6004.01408757341;5867.24389067727;5682.21597760341;5567.64746228443
Niger;777.079347992688;821.41100107702;843.943189521231;846.471796189349;840.65698030462;896.352693822855;942.319883085811;961.246487390392;1016.56153590448;1005.3741075297;1062.68991377908;1068.24485293081;1158.66902042007;1127.34895266869;1142.51686453172;1145.30940196903;1153.33968949334;1163.22617020833;1229.22378179329;1276.15388335024;1287.77885139245
Nigeria;2306.11452279705;2434.24621930855;2780.79229751906;2964.36299241115;3241.72449622315;3467.10515604015;3690.84024899033;3934.84253684898;4170.73291406376;4420.974011199;4703.20483066808;4922.70234464027;4982.94539878236;5225.17293432225;5507.16949454144;5426.33278732294;5234.67912691071;5190.35612668836;5278.84839470055;5352.67942303108;5184.48023252249
North Macedonia;6154.48000170774;6052.49299501305;6395.20004132263;6588.68314179678;7166.03514611392;7848.92334046196;8678.6084086843;9339.57964030369;10521.8574738607;11018.0550162568;11369.7172576326;11689.9057671613;11915.7315702419;12727.3321149455;13434.8483247976;13888.2526530882;15137.969251394;15706.4617375019;16725.8147260127;17724.0208060817;17015.2294853029
Northern Mariana Islands;..;..;..;..;..;..;..;..;..;..;..;..;..;..;..;..;..;..;..;..;..
Norway;36952.554147058;37780.6441661744;37980.3539761745;38553.9324488694;42514.6859892361;47797.5299472052;54088.0368382735;55862.6564232931;61716.5997128422;55404.9745521694;57963.8759448629;62076.7406576686;65354.7792483883;66961.2530988205;65892.6892787813;60368.9208717485;58939.9126133093;64050.7561654656;69710.484509237;68345.0694174133;63287.6070084672
Oman;35984.3468003187;37970.3273038199;37494.4071535321;36372.348451477;36915.8810245357;37992.5602083647;40134.2569789567;41809.5656766059;44545.5278887335;45554.9099728227;44328.767172099;43425.1685126417;44508.8981702804;42078.860887754;38624.6826757656;31122.7386627809;28908.5405354015;29077.3635995539;29125.4557360809;28540.7869982021;..
Pakistan;2625.26179450155;2709.02790116832;2753.54073972718;2898.03298255964;3127.69076876858;3357.36342582462;3579.96243151875;3766.85556187164;3818.07198504114;3868.7439423357;3890.29061860796;3993.55936698761;4018.73273731874;4103.62956351879;4238.63386740085;4373.01447488222;4410.0065649467;4571.20507840804;4853.26655740247;4896.39314506171;4811.09756251428
Palau;9956.87241840853;10670.8193560463;11083.5522044119;10827.2608446865;11629.9176925208;12515.5798567576;12999.0553625889;13892.3999706002;13665.4364049565;13156.0850110896;13587.7609130582;14970.4976508244;15612.2099658668;15375.9763831751;16625.2693888659;18008.0905009777;18127.4826069843;17770.5619972634;18074.1999492078;17957.7677385764;16315.9075193462
Panama;8367.7319910136;8435.28877096758;8594.07054624109;8951.64979075647;9701.82263306321;10527.4555523952;11570.9739310535;13066.8607191987;14373.6501462201;14405.1109633029;15153.5359627257;16923.9465178769;18679.5139433198;20809.8551420422;22897.4026269576;25319.2166879602;27828.5557137667;30446.8495664097;31784.3144872865;32769.870319642;26772.5115424762
Papua New Guinea;2081.45393773236;2079.35580323136;2066.01305723403;2106.82341943971;2176.64556336535;2335.16219732148;2477.99474593437;2678.30277277385;2656.8648318486;2791.71539390215;3039.78415744895;3069.759742115;3206.19582460322;3318.80093671364;3761.5234315663;3966.7707103884;4144.60363173213;4285.62875648139;4290.69828205284;4474.68580450025;4285.0381636089
Paraguay;6654.17281515978;6612.67734769259;6590.16727798235;6876.99709020228;7223.55654044822;7485.2992173735;7960.72539286794;8495.33699904283;9097.52048887733;9020.30802243108;10001.5304279296;10503.5958528238;10018.7236347841;11062.5587335491;11454.4288765968;11486.5231905557;12041.7235427806;12590.548443655;13135.6988678799;13149.0385702748;13064.3093290266
Peru;5043.26718093489;5120.06880606732;5423.64423020835;5697.43212566785;6084.89253463637;6610.89170564893;7262.25808387806;8026.61032508827;8857.86386069926;8951.01253484043;9730.42110393424;10476.7963282297;10767.6773277036;11295.9632644083;11510.2788763872;11572.3207931902;12013.3773897006;12506.5293750586;13088.2958384558;13397.2739160483;11874.0981417707
Philippines;3439.53875901901;3545.73414226395;3657.97035711492;3835.91675156979;4115.76881393865;4370.37388742261;4657.70879087958;5008.20140940702;5239.72693823081;5268.4949835375;5626.28116096019;5865.34355124333;6296.82761392706;6614.68352374649;6960.90071577639;7186.76928044539;7703.76227526107;8120.86879330973;8720.60737919396;9291.72691519935;8386.72432673578
Poland;10676.7629895648;11124.5279330296;11804.2662616751;12275.7956677811;13342.6145646127;13896.7933802513;15132.072248016;16782.4390073382;18303.3529197974;19254.0922750372;21088.6163287204;22827.6981360924;23745.6977950948;24567.5061660535;25475.5046935927;26862.0525150288;28322.1069770901;30064.5034841771;31978.5311498842;34233.3156704809;34406.2351009614
Portugal;18884.886242676;19533.3573053028;20356.647299736;20829.5995598828;21460.0207763732;22725.2774946084;24649.7193808917;25701.8945759454;26665.8372952939;26478.3689731109;27282.7508350764;26769.5118850004;26438.0163019973;27936.0396644563;28742.4403783509;29660.8960672526;31607.7542431733;33044.7167387479;34931.7846000824;36945.1414762559;34090.7312643378
Puerto Rico;22961.2908722605;24893.0167980861;25485.6265883854;25956.5348844852;28981.3984677503;29332.6521339588;29920.8257974594;30545.6741727125;30745.4158591417;30541.064185524;30925.4008276163;31824.1548383855;32582.6224082106;33172.6712604566;33682.850026137;34016.0223523129;34346.8673317443;34363.7546291317;35122.8884849611;36276.8423610096;35264.0976258571
Qatar;96823.1132878345;99035.2578440416;103476.338362077;102757.778658013;113857.654034282;109856.952919085;120838.17387899;122882.838501804;125010.697400631;122424.611957113;132047.986609638;139358.96529319;141634.703824582;138229.768973896;129068.578897594;92968.2320964638;83102.3504973395;91738.7527956234;93154.2348987235;93771.1253057061;89935.26785071
Romania;5850.62422082304;6521.47289329022;7162.30967298118;7552.19864478736;8982.84504179288;9602.14943359016;11541.2450618178;13683.4376204046;16782.0988607712;16644.0389303758;16989.3070418903;17896.2758641785;18869.619212847;19781.9795699864;20657.7070695521;21605.8366788676;24271.366104769;27141.9193326803;29248.8093232601;32323.8668404375;31945.7496566328
Russian Federation;6825.3915111818;7361.36367852645;8037.47453541558;9254.53720076475;10226.7661539289;11822.3469289417;14912.2339332667;16648.2416399717;20163.6094155718;19389.9411762443;20490.1267193879;22798.6744273279;24303.4734145818;26073.8745307451;25761.6480209933;24085.3241847947;24128.0864065399;25926.4438539743;28681.7844582961;29188.854156647;28213.4478382297
Rwanda;631.071338660396;674.347826760962;757.356050041669;776.423763010956;844.534663998542;935.300422713991;1028.87654054542;1108.9077304164;1223.56616194506;1275.34996299171;1349.45209368748;1450.57947764791;1488.66970702579;1543.27340017594;1706.6729870342;1804.54995234223;1882.37238004371;1975.24866113275;2138.89969873046;2321.71858979003;2213.00365434239
Samoa;3488.71930381132;3792.22761050294;3996.40174224987;4228.75368113679;4515.05536132226;4818.85583564074;5030.18640221508;5456.56903795867;5581.28204690195;5316.20513034998;5362.86085040211;5653.19145398811;5478.93266241485;5508.71554603175;5569.50512152322;5825.05863962063;6330.80628482239;6489.77678623675;6537.87520461954;6912.0364600159;6766.22844732397
San Marino;52473.6494447695;55887.3731588653;56226.2496546212;58684.5061682967;62176.3279174503;64812.4483017616;68467.4004074651;74368.2719999965;74527.862927686;66491.1545124906;62777.5326569631;57954.4296788917;54450.4840286607;53465.094018955;55432.0699369456;55614.6221714245;57455.563369947;58867.0133632425;61006.8482048258;63420.3271352174;..
Sao Tome and Principe;..;1841.81495419014;1880.47437999741;2001.19931301347;2087.5972070783;2250.63343635449;2464.32094404129;2540.24760106251;2722.65661386723;2734.0053919294;2876.87523455072;2997.20127372139;2954.73599678325;3319.0753299559;3817.19031592763;3837.49252820799;3889.52751797973;3952.94539403456;4089.15666556115;4174.72727243553;4272.25046917961
Saudi Arabia;39882.6289655277;39240.7606943058;37667.0237662961;41441.8611624282;44601.7786980441;47161.1288397301;48552.5274052976;49394.0191905268;52047.0669155565;49933.1936504237;51529.8278892236;56133.1441876452;57364.9851130461;55908.2499274917;55726.1023123695;48611.1314748371;45484.4384338923;47306.222319502;48735.4604982217;48948.1740036301;46742.2445618606
Senegal;1999.47133861611;2080.78915100038;2064.22952231147;2165.88941959296;2269.64126525561;2379.57033883869;2444.33033507418;2513.63954347394;2587.11748099237;2606.83823358733;2652.86079189005;2669.51708596393;2739.41900043656;2742.42073611368;2830.69730880355;2971.34681699748;3075.93735141524;3203.90636811769;3388.94631130208;3503.6175482752;3501.51560089069
Serbia;6021.71901512126;6484.76582942023;7224.58611286661;7637.92502835806;8480.52519670659;9181.71305911341;10195.5328440322;11222.618919448;12632.0424046054;12543.1734879565;12808.0571884776;13746.8968107418;13933.9204582499;14629.0318181831;14659.6064222468;14928.408525228;15858.0356413336;16611.0168589401;17736.0068023489;18944.2955053957;19366.7555443111
Seychelles;14271.4199816868;14240.7537802014;14200.5851911352;13767.6770632411;13786.2865427819;15424.3274000404;17027.8441744009;19209.1583372974;18738.6110373725;18599.6254746883;19387.8625271702;21922.7395312636;21565.0379982842;22369.3912169768;23889.7837988235;24067.1946265363;25681.3127077556;27309.7621128652;28190.4768738254;28778.7914423181;25758.0174371587
Sierra Leone;693.011988587558;639.625381264198;786.369901943518;835.957177085289;875.879113735505;908.469057737067;944.768967643814;1020.25019883979;1070.51347419707;1088.37429210938;1134.08820259398;1203.21063825736;1405.57337746676;1746.55573739037;1787.64683702698;1586.68975408666;1596.61879942553;1633.73073779599;1694.32647288051;1777.30389283304;1726.46186704551
Singapore;43833.2209634865;43136.4302832781;45120.4076999013;48756.5625513753;54301.6977527417;58717.2171494993;63910.0846986138;68628.382588078;67576.8628304768;66149.0046454714;75294.35655382;80052.3914982651;82064.9611910836;83001.7878013707;84423.1913432675;86974.7476230627;89417.3490208324;95350.4356748021;100581.158024992;102573.401768252;98483.3420041849
Sint Maarten (Dutch part);..;..;..;..;..;..;..;..;..;32614.5202553181;34232.355106759;37233.9683840429;32878.4408816334;32478.2989639344;38858.5814633011;38211.8331867085;38230.0318635575;37914.1229673613;36190.6639121767;..;..
Slovak Republic;11381.5144601295;12391.3454351888;13312.203306834;14166.4959299715;15213.7251872718;16639.3941239799;18888.7564883676;21196.619583812;23725.8577558996;23097.5659881286;25321.5484369505;26145.8893829396;26888.3480996682;27915.4332088556;28929.526363289;29964.8886109408;29645.7418912454;30061.5514717196;31530.9202347722;32608.3607952893;32014.5532628895
Slovenia;18009.060996176;18956.3919026919;20241.5256786998;21090.621621433;22742.0896727179;23852.6430383942;25686.0292288631;27536.6834687288;29604.2914690241;27557.9955116672;27848.1327931522;28931.383323805;29042.8202729641;29973.6993541529;30870.0236667425;31628.247175832;33936.0440637175;36507.5530416531;38917.0471191;41197.3781022006;40124.2602288007
Solomon Islands;1633.61442116766;1495.60601160949;1437.82463758087;1519.68490510167;1622.54987912086;1723.06739974187;1818.32755751358;1906.54475235642;2010.60602801299;2030.07539473092;2177.11470760574;2324.07367209321;2349.60879217402;2451.02332851887;2454.93054654717;2446.49919429778;2548.62996450083;2663.93950830045;2762.41641187812;2773.51236296948;2618.08619827317
Somalia;..;..;..;..;..;..;..;..;..;..;..;..;..;690.10399143094;734.816805295155;822.327546050952;862.146434393505;867.454290873911;920.450075733847;980.274752065359;986.725450849186
South Africa;8498.51859366874;8801.28892918131;9154.891518853;9483.13234646428;10058.7409853464;10785.0833126626;11586.7845935066;12374.9701452634;12845.726180337;12568.453603784;12912.1250302392;13393.7668852316;13215.7086791394;13606.9428955207;13602.102642918;13701.9453895081;13748.4614158257;13860.2701664709;14209.0938333315;14289.7600030669;13355.598709362
South Sudan;..;..;..;..;..;..;..;..;2910.54254327568;2944.009609381;3020.94800513734;2844.51699642492;1519.14231359104;2099.23685884664;1495.50975414434;1234.72557564895;..;..;..;..;..
Spain;21593.6489980843;22959.0994685548;24371.5988492666;25020.3082108896;26121.974566232;27606.9340516269;30679.1220185374;32430.1224559247;33263.2723985249;32116.0044695562;31706.8774006978;31867.9732396862;31720.1199986535;32434.0032017704;33525.7406299089;34903.1274779473;37286.2134326488;39528.9253872668;40686.9854677426;42172.1317053122;38343.1552241805
Sri Lanka;4339.68286403749;4335.36790211633;4542.33736932593;4860.33813415959;5218.68123598677;5670.95512893446;6242.37155825562;6795.34479692121;7287.58522156073;7550.29488741207;8194.26925385045;9007.73419869631;10315.1802471606;10852.0640424766;11256.8560497537;11557.4870517689;12224.2157651465;12584.1047924776;13169.0947047054;13622.8604484357;13219.6888284371
St. Kitts and Nevis;16246.829044109;17272.0829451812;17562.3889300208;16966.6685638925;17895.2222412073;20019.9867453382;21059.3000033717;21556.3300833194;23122.9094973157;22162.3965385714;22096.7052046653;22770.5051922447;21489.2597931986;22153.3319982916;23950.1374239284;23921.5244346294;25893.5110575803;26982.9295790329;28159.273421083;29812.5950020944;25643.7664906381
St. Lucia;9265.1462394042;9062.02137558626;9173.64072440385;9673.42475329533;10570.7762935141;10749.9007590603;11621.2503420166;11971.2680125042;12629.8233110619;12207.2701410652;12412.8775135974;13256.9264087396;13079.7725223798;13489.6960909185;13760.2507849254;13551.3452289242;14292.0817018376;14928.396096145;15653.2998019908;15843.7159877551;12705.0981457677
St. Martin (French part);..;..;..;..;..;..;..;..;..;..;..;..;..;..;..;..;..;..;..;..;..
St. Vincent and the Grenadines;6221.54904545643;6460.38229204714;6964.36556864107;7623.16448380217;8138.89321816818;8593.56705003991;9535.6041729117;10127.0964880464;10498.791954927;10367.093598917;10139.5356186474;10302.5154675668;10457.1584317001;10909.2641778268;11309.4037895138;11643.2269226937;12456.0437503421;12245.1263378297;12765.3077242882;13017.3368299919;12700.287431969
Sudan;1824.60958374881;1931.34739716849;2030.52412727221;2166.78736306069;2247.83319823096;2422.96697418834;2672.27165884889;2976.97455769995;3183.83695118396;3225.05594631599;3289.43794510896;3673.48749472288;3751.12210038553;3716.65493451201;4500.77922450845;4379.62413837597;4503.77312172458;4327.78255278914;4448.84122878769;4362.60942692308;4243.78193609449
Suriname;7634.37506897294;8033.46845014987;8290.67474808246;8871.60523126091;9769.86504832506;10405.6786663813;11210.7956395906;11960.9797390978;12552.9764862972;12880.6413064906;13548.5332311099;14475.0726056728;15785.1235672236;16815.1104323619;17261.0755848226;17210.2703419313;15062.4412909026;18283.6883894232;19461.9765178867;19841.8078062205;16728.5157532371
Sweden;29631.1608906659;29940.5443321751;30926.5055989396;31782.0762485717;33830.5548935291;34244.4650156257;37679.6951105651;40855.4999180551;42158.2956995539;40309.1125419176;42256.1621212554;44608.5802614915;45432.4319692761;46312.3923824667;47184.6691338182;49103.1334338706;50430.2528196052;51947.9542478244;53553.312449047;55337.8745630725;54929.5273357787
Switzerland;36788.6942898341;37913.091052673;38814.3717381965;38800.8651100573;40302.9860399496;41749.2164457237;46440.7399838785;51145.9411665763;54096.8078629618;53393.3033597623;54900.3143485052;57987.5020305492;59933.5986829168;62225.087267788;64103.0104476336;66020.2043398841;68105.1549836834;69103.570264696;71671.5150817135;73143.7581644734;71760.5862131052
Syrian Arab Republic;..;..;..;..;..;..;..;..;..;..;..;..;..;..;..;..;..;..;..;..;..
Tajikistan;1048.59397915516;1155.2719806908;1278.36694213755;1419.99898899884;1579.25260198499;1705.06752902129;1843.44683002803;2000.14589072542;2155.20033796986;2208.88978211505;2328.45750918529;2496.58220381777;2750.35506308297;3027.81412582447;3303.09819685826;3150.4271143731;3114.89555778582;3252.93265536068;3497.32358020808;3732.86906809322;3856.76064962689
Tanzania;1191.28366680265;1258.10715030749;1331.99250106647;1407.38692221876;1510.49533096981;1627.47038455021;1736.73159786729;1851.17301636046;1938.7204965821;1998.29789444736;2088.09771915927;2228.69649535672;2099.42972210947;2194.88485866424;2243.59245177191;2348.44349707706;2479.33409975074;2530.603317381;2652.39137840885;2772.92944774347;2780.05554822025
Thailand;7302.89176455799;7648.85517154723;8179.39791825619;8863.74089898519;9608.54569481236;10256.3348319773;11024.8482113762;11869.6744503848;12244.8189389977;12191.4143933543;13195.3710969019;13519.1290212159;14870.9755534493;15407.6654018139;15480.2107903621;15822.3709934811;16616.1950047178;17422.9523512059;18530.2117879533;19233.8659169861;18226.0057045715
Timor-Leste;1250.87723327252;1459.4846117231;1351.01938404761;1311.38455593269;1317.60445167199;1366.55984466085;1321.61947074332;1467.58902030523;1636.48876269232;1784.35827606161;1938.85296942656;2060.24777126229;2345.54533919972;2483.17526884426;2721.04196769099;2912.73638111955;3130.5907130077;3177.48513651044;3168.41925877539;3780.04494563109;4139.750668505
Togo;972.454725934188;974.622824635291;1001.32744169826;1061.18602237763;1052.02491600185;1007.66061443953;1037.70015234096;1025.04310076195;1058.28434184322;1095.26284696965;1144.33240628451;1210.14284741094;1227.15615932305;1275.32531822813;1328.38029110687;1397.33240170021;1954.20357349429;2012.24069260973;2110.82641998658;2211.63493452434;2222.67030187431
Tonga;3649.38479651862;3848.81473265295;4076.8406453827;4224.16425430563;4206.99700219636;4311.6985292509;4400.42839638835;4492.76677228502;4760.27193103549;4524.73128953376;4610.50758977194;5048.27706228757;5228.95002753247;5388.09849343289;5639.83747588246;5774.16999918273;6195.840298731;6467.12427796495;6565.22321467831;6647.85899850289;6692.64968062707
Trinidad and Tobago;14547.2354243521;15431.612378244;16845.8782346019;19539.4048064546;21550.6709980195;23485.5304913971;27264.7716451549;29196.0234843435;30632.9920857471;29366.3564030865;30528.8931380997;30887.9827973072;30063.3274626865;30059.7156457675;29698.5699447137;27397.229201165;26389.7416688838;26342.6166624768;26880.6387228774;26920.144729383;25014.3767580823
Tunisia;6264.56065418687;6586.94881030977;6726.51123239183;7120.21858821098;7708.18886365193;8156.64497357494;8762.2979006963;9504.9263660909;9994.05387159558;10267.0350662332;10640.6146800597;10576.074140376;10731.3648923533;10769.9080408074;11024.809216739;10825.0874479973;10993.6254811499;11234.4897248596;11658.7268205614;11899.9563869168;10818.8168913274
Turkey;9633.08768295326;9284.25704722499;9401.23132772185;9689.92537994373;10970.6703608885;12003.8479309778;13730.0385861909;14967.9514892112;16182.4805088566;15609.4716027639;17555.588678734;19799.1156771937;20772.4989492004;22438.7142497217;24090.2360374724;25753.3905100464;26512.0169514886;27913.8187158996;27946.3618548327;27303.2289674636;28113.7365841381
Turkmenistan;4275.01417489579;4510.65574324292;4548.01832877158;4736.91428393093;5055.94467065404;5829.42818075931;6588.02983396395;7420.55944370704;8561.57583433798;9021.14387891003;9810.61205370553;11294.9680818522;12057.1822385492;12739.1795756826;13490.9970361539;13690.6141143429;13862.275566957;14205.0265119624;15201.778571094;16195.5387877252;..
Turks and Caicos Islands;..;..;..;..;..;..;..;..;..;..;..;21235.7429605901;19374.078126791;20119.5319548634;22029.9612297006;24098.8506584398;26353.1702312804;27060.5896570252;28837.02644111;30488.1051683344;22277.4978515668
Tuvalu;2429.01069520805;2499.9610433823;2706.93009393983;2629.38179405709;2623.99163626901;2570.64485310905;2672.73646261111;2889.97863307234;3151.78604443587;3006.47092401387;2928.11876260496;3182.19911438705;3084.57309263809;3250.59005568992;3317.4322873683;3613.73476634734;3717.91727400266;3896.74847292992;4040.29591135419;4455.54263488144;4651.22114670322
Uganda;1142.00328538971;1190.36219856788;1274.12655135011;1338.54218012418;1422.12805083138;1510.66554659779;1670.71134018788;1802.20738807063;1935.21785692282;2017.66556576627;2088.62199281003;2259.4428885976;2013.88071077228;2014.27496126491;2088.40733058904;2128.74495548916;2092.4755658992;2074.65243576542;2175.8080625016;2275.21445635946;2293.48072775018
Ukraine;4106.83539141344;4631.60673003002;4999.09094029347;5621.90307732677;6521.61085909695;6977.25891244237;7775.60692952402;8642.2138840745;9062.24736166671;7818.30385453886;8245.37524122564;8909.65960754126;9343.33073966083;10691.7646844701;10743.5863638157;10164.3273340852;11148.196546631;11871.1236240918;12634.2355540514;13350.4823150166;13056.7020745176
United Arab Emirates;98365.1573861082;96724.0651137829;95551.7276379628;99239.9601570956;101872.973588358;97671.629302072;95679.8575342087;87102.97188999;79732.2434989502;68167.5758770941;64882.8503411842;67686.3853798798;69102.4761704654;70374.2353627555;73619.0446557068;64901.8800512352;63968.8880391711;67183.6053111678;68576.1155226865;71150.5421414274;66746.6349414858
United Kingdom;26483.6950948076;27819.1830986249;29062.1238667812;30323.9953832717;32031.8247165967;32747.3540098412;34798.9757628187;35652.0177524748;36863.5847601847;35238.3750537269;36604.5256231885;37379.2909657729;38514.0261691783;40218.7472562217;41580.6024876318;42912.8750936201;44635.2995586517;46372.38660351;47863.2226960442;49333.7124743002;45852.6888862033
United States;36334.9087770589;37133.2428088526;38023.1611144021;39496.4858751381;41712.8010675545;44114.7477810544;46298.7314440927;47975.9676958038;48382.5584490552;47099.9804711343;48466.6576026922;49882.5581321495;51602.9310457907;53106.5367672165;55049.9883272312;56863.3714957652;58021.4004997125;60109.6557260477;63064.4184096728;65279.529026095;63413.5138584508
Uruguay;10255.1008821721;10059.7877241318;9427.15285991748;9686.49510153065;10451.8934493213;11580.3856760681;12406.3658786305;13547.1312743656;14764.1876516712;15464.2622035389;16817.0790492985;18002.8938254166;18192.3297038387;19130.0613970595;20093.6240651453;20217.5604365641;22454.3948288087;23009.8742286911;23588.1513898133;24006.7869388827;22785.1999163215
Uzbekistan;2661.61881858427;2797.61377487244;2918.84534965641;3063.03725877466;3341.03798474284;3641.92894904021;3982.83202748454;4413.96997843348;4827.99362858401;5168.51129605828;5469.38117269275;5844.80756223251;6061.94715388358;6302.64724360333;6494.85994090064;6680.18470067684;6796.90489209483;6840.70986001705;7252.98519675475;7658.89955894696;7731.1444482121
Vanuatu;2224.02444784482;2146.32718599426;2016.6532151367;2088.00123357511;2173.31551042415;2301.73216765773;2510.97498030347;2591.0124471519;2724.40977283015;2760.44888835511;2756.32820689586;2825.15540608523;2828.60595960986;2811.37139475891;2871.75481202947;2832.1783368353;2918.59602708646;3081.83519771335;3167.73497475442;3269.91477999534;3009.73392690646
Venezuela, RB;11748.9894765885;12185.5431085935;11078.0770450801;10224.9065131216;12207.7178980276;13657.8155423489;15219.7156169083;16748.7192824652;17723.1504744565;17042.6826713899;16740.3682415571;17527.7487382376;..;..;..;..;..;..;..;..;..
Vietnam;1987.30273505379;2134.43833474013;2282.85832742968;2462.50157504763;2694.45812456321;2960.64101845087;3232.81296935298;3522.93833102894;3758.55492154307;3952.73424089527;4213.29572145975;4523.25272760324;5042.4811863999;5358.94663695122;5745.20525351342;6102.63686904782;6572.97623420622;7155.4431870997;7768.08021752044;8381.23931963427;8646.9122757769
Virgin Islands (U.S.);..;..;..;..;..;..;..;..;..;..;..;..;..;..;..;..;..;..;..;..;..
West Bank and Gaza;2785.32517097408;2516.27333549206;2180.40814831813;2468.29508254462;3012.52583486031;3369.87431461041;3350.53654534339;3480.78964729478;3708.66444163563;3951.23499279619;4119.81946577185;4494.7313227255;5255.82560942147;5371.68710020242;5510.13293040455;5954.40078363208;6305.39180301552;6401.74089135074;6469.90909814318;6509.56833548333;5687.82647498205
Yemen, Rep.;2960.43152401627;3051.17912378917;3129.65914928654;3212.93981455763;3333.06158239602;3526.67428247206;3643.45450382773;3758.16469243732;3860.43241968131;3928.22914811088;4162.08863091114;3607.09056584882;3491.20460991407;3688.51940852363;..;..;..;..;..;..;..
Zambia;1644.91975295384;1724.63505526377;1784.21468463103;1894.3500009363;2029.17510223689;2185.94418061508;2366.75939477738;2563.94400784219;2741.24533503014;2933.13055042862;3178.87232965813;3323.93762313186;3422.61993726372;3578.84705510025;3539.43639012079;3430.40028706898;3404.67399013052;3485.02178024575;3606.09763197027;3617.20001387661;3456.32253396543
Zimbabwe;2272.59936583514;2347.49946487563;2167.01921456762;1827.8668437957;1762.52064890457;1705.56997941708;1685.36238949018;1653.747515405;1374.16955907395;1532.82158569606;1830.82733292151;2101.82405127514;2375.92700580051;2560.77326674813;2612.45595398863;2679.50761483742;2806.4690320362;3795.64243109451;4017.2217158275;3783.54789758416;3536.03413152282
Africa Eastern and Southern;2157.59407431525;2227.87482359987;2291.84309815365;2348.95508710245;2482.61077847314;2648.8218233241;2834.66133938026;3025.28935588155;3140.3681461931;3107.00507257103;3214.96975816099;3320.49330782879;3235.16335913109;3362.86880917301;3499.13287771861;3527.16419226322;3620.92150237861;3697.45930470822;3786.35731011396;3836.57142982939;3677.11125517431
Africa Western and Central;2027.39936974128;2123.11956183358;2298.88600746148;2405.56387496919;2596.23409700438;2757.79210148405;2912.19546241924;3066.93398516866;3230.71908428466;3359.36265521762;3532.1429859982;3675.39244102586;3772.32380201759;4013.19652314325;4208.73177986288;4139.32336449764;4069.00566669605;4115.64548016502;4231.8157735629;4335.19954736606;4240.53478226414
Arab World;9985.77672241282;10151.690033406;10126.6182446179;10512.8074484351;11535.7928158829;12255.0540844156;13042.5539868736;13643.9909520144;14354.9048951316;14197.2242693257;14692.4185527994;15151.1329843131;16065.8480494297;16018.3323958124;15709.708762645;14107.6670994582;13643.3447739897;14158.4440362362;14593.962874179;14888.6399020504;14067.9508409073
Caribbean small states;9508.20034633955;9863.57469963687;10332.6356863363;11121.5084582033;11829.2955664618;12551.6018392409;13782.8884193703;14557.2133454376;14971.5006221628;14472.9417166755;14763.3429866815;15147.3806594038;15109.9450074067;15344.0698600434;15471.3617050695;15224.0885436972;15154.5032414211;15737.8041148569;16337.5732580626;16651.2578206471;15620.7299057159
Central Europe and the Baltics;10019.7140558283;10803.3685176528;11630.3983640763;12327.3446213721;13471.8316879217;14312.2298430186;15899.3925044063;17736.7266587052;19670.9943944686;19712.7383474848;20824.9767964223;22187.3841592142;22975.5465688703;23964.1625674132;24984.3704912799;26140.0553087113;27874.9563740538;29901.2991666078;31928.2118925519;34210.670062275;33885.2356612048
Early-demographic dividend;4137.56561316815;4231.90539771491;4308.89463195869;4550.42126710232;4905.26586413223;5279.32241894064;5711.85900827738;6132.2518269085;6420.56809373293;6520.09371099793;6926.49821318763;7330.93303544649;7700.31002300798;7940.17520677183;8159.93687370007;8257.49387493433;8544.07741217876;8963.45945822965;9399.49785147054;9672.80386512908;9248.23514349933
East Asia & Pacific;5757.13152845364;6056.82325546695;6429.95924865456;6847.69700113276;7429.52044041179;8082.79918980292;8868.65156852007;9801.53323094037;10426.9488098114;10817.8017085586;11742.0945891834;12629.7135986431;13458.6739100548;14149.0245715259;14655.1952945871;15069.6934363452;15562.6333174363;16277.5927965605;17369.1032234402;18315.5641455239;18446.8810195558
East Asia & Pacific (excluding high income);3289.87119112671;3546.51930609238;3843.76805725161;4212.08385807017;4663.80694342092;5219.43371500618;5890.81095685402;6709.85205761267;7348.36316489292;7895.61918212185;8691.0368509322;9533.42455400879;10325.9570359192;10908.6728981907;11407.7667707191;11728.3839146587;12238.5623354521;12903.4243245362;13964.9840802432;14935.6218251754;15169.480056106
East Asia & Pacific (IDA & IBRD countries);3327.87117146601;3587.46381896423;3888.14486219335;4260.71539924636;4717.64809365287;5279.6272626813;5958.62473297179;6786.91098859014;7432.52309375845;7985.78992508624;8790.03374779728;9641.70496281182;10442.7878328935;11031.6458620497;11535.9505524803;11859.7835070421;12375.2692827456;13047.0841019261;14120.1206909633;15101.3011711504;15337.6551493311
Euro area;25325.4164432565;26505.8264402923;27533.7370302263;27955.3763906971;29055.4770011225;30078.3680338506;32492.1484351916;34378.4094919682;35715.1125413159;34818.9341220689;35801.0412878629;37425.3715544333;37799.0394493145;38986.0723144031;39949.7125216006;41038.0333346879;43533.235757824;45609.5086721003;47565.6630351329;49463.3258700586;47061.6638650434
Europe & Central Asia;15959.4512479805;16763.0866257569;17562.6524348551;18224.2759733366;19350.8831818604;20397.4498793102;22562.6080251348;24181.2664210543;25854.0426214487;25145.9648339076;26205.3957979176;27743.1334308934;28506.4697971558;29814.3766244563;30540.7352743185;30967.6851122573;32401.3044491102;34073.9378737919;35761.0400612201;36972.3720842464;35606.4892969988
Europe & Central Asia (excluding high income);6203.85263776466;6570.97633810718;7046.01315723836;7770.14275396842;8707.33092660268;9777.93807952845;11683.5818170487;13039.6061905202;14967.5498264716;14462.0742024807;15440.3177200058;16995.5782492439;18003.2685726995;19379.6614758215;19755.7703147527;19364.4110474723;19866.7276571798;21128.3628246673;22509.5617583955;22989.7692598693;22664.6753520324
Europe & Central Asia (IDA & IBRD countries);6644.53541359219;7023.37349512185;7522.97977848661;8226.09813563655;9174.66814327375;10196.2898654408;12044.5187404985;13430.9082576672;15317.4512733744;14935.0103867103;15972.5350665949;17535.9695638206;18527.1586666323;19846.5271104137;20263.3659092037;20030.7418269151;20621.8909867794;21925.3979718745;23350.520171841;23986.7296066008;23685.6422018081
European Union;22083.3103040784;23177.7310373389;24186.8819303224;24681.5356141866;25843.0174246952;26815.1464150365;29087.0073491055;30995.3627334445;32492.6517101231;31839.8259818217;32890.7713496788;34467.2654945317;34936.4939088393;36090.2265063607;37077.0194891359;38222.8016984342;40580.3166343031;42676.629432864;44654.1722450749;46659.0753531771;44765.769527271
Fragile and conflict affected situations;2482.55672526001;2573.58076049582;2581.09787888447;2483.58231956999;2837.43939811333;3066.10576150451;3312.47611639206;3551.5673484204;3747.11392801689;3823.73198694924;3987.94906711736;3965.72839377144;4208.26979791492;4351.46918807562;4414.69771090795;4176.94341534757;4167.13708292993;4318.35628406653;4454.26426820533;4572.09936012542;4320.30539858911
Heavily indebted poor countries (HIPC);1309.34079656031;1354.64986864436;1381.95563399187;1425.23796756758;1503.10982768198;1592.63941298841;1690.63392718716;1782.99053512939;1867.11687796598;1897.77576566338;1981.4640174147;2048.29488330051;2036.14892230501;2171.59011314011;2310.77477226686;2356.38342829662;2447.71322050918;2527.34442377445;2623.2045146746;2709.7283313136;2674.6464587427
High income;28075.623428065;28989.278440467;29923.7287434411;30937.694321443;32661.7898614797;34262.1851038491;36465.0687717201;38241.4583794584;39207.5467095185;38185.1559261338;39613.3228487766;41246.0662875526;42370.8949042376;43743.6534680942;44892.7518117852;45679.5627400093;46989.7729605287;48880.1429360261;50938.7313954965;52560.366668639;50766.7890022385
IBRD only;4446.73720233396;4660.67600427272;4891.39933407224;5218.96276119179;5721.53432081439;6264.82439145102;6991.36771101321;7733.28861054877;8349.92528270349;8599.06788023269;9279.37314063313;9990.44986500034;10598.0773475791;11089.5829102157;11406.3046760471;11494.2887511003;11903.9191229684;12516.0165360071;13320.6214931189;13932.6744966946;13673.6948386723
IDA & IBRD total;3849.85455190461;4026.92631394783;4216.81603910827;4483.4853114958;4896.5927664365;5341.13752600383;5927.1272044747;6522.12690452188;7009.69106373082;7206.66722102633;7741.63050653717;8294.80748647818;8755.51143407627;9150.82484267168;9413.90664910579;9478.86112667133;9784.65773577773;10252.6606437813;10873.3819959226;11335.8086661724;11104.9926556271
IDA blend;2422.47190926627;2521.02250451708;2662.2715930098;2790.42182618961;3012.52852478725;3219.70654594255;3430.44732946012;3635.8179919229;3759.85790261703;3901.32806367926;4060.4540337316;4226.3278192858;4303.04869358623;4474.53952826891;4682.0481828763;4747.14998339992;4730.53843026839;4845.8255452983;5045.5102707613;5134.29962278202;5019.08568268876
IDA only;1258.56909449425;1316.28113704865;1354.79060492012;1413.59898930069;1502.61034254979;1609.82913054627;1725.50443235033;1844.11869617787;1949.74774532493;2004.46725779195;2110.11380340957;2192.1315151895;2244.16243519588;2402.28706003574;2556.03776974954;2632.13571160878;2751.54818268392;2879.81445952551;3042.49954250565;3200.48092722217;3202.41867128402
IDA total;1645.88655348996;1716.87763054153;1789.78544601596;1871.32798618017;2004.44732002398;2144.64270172534;2291.77197191348;2439.2314312396;2550.93828467085;2635.008880159;2759.28923750507;2870.23145872509;2931.18097827137;3094.29699561311;3266.14202155858;3338.57856566321;3410.81204059202;3533.890274151;3708.15709322132;3841.14105860015;3802.62925446405
Late-demographic dividend;4764.95544175389;5084.65484947815;5456.75244226309;5928.47700420565;6545.4563180435;7249.18549393884;8251.07171144062;9281.13916105396;10220.3975807041;10615.8742667114;11543.9338146049;12606.7796176842;13442.576158989;14170.8265649707;14647.5906994996;14668.0176946047;15120.2504033832;15944.632621991;17153.6948239918;18145.3846377021;18217.5742028214
Latin America & Caribbean;8692.37674676012;8821.23256244719;8865.28690617888;9091.04949647231;9786.55252050811;10408.7910275732;11284.5107008296;12083.6284393508;12693.7803374962;12493.0368946958;13271.3889183472;14142.4093862559;14429.2565053137;14916.7188295727;15237.8465636526;15033.241641614;15295.0617900672;15928.5586973157;16398.4009198139;16743.9340298789;15675.7716074832
Latin America & Caribbean (excluding high income);8448.56289956351;8539.89210313378;8632.07238280002;8901.42387589884;9508.14937457003;10080.4647551022;10858.0123385571;11614.3425098242;12247.7151653862;12076.770371227;12886.5807630569;13734.0562954725;14002.2920749291;14480.6330213039;14799.0531167364;14585.2498645766;14810.9159412036;15419.8204951669;15874.7870826669;16168.379071919;15101.591907432
Latin America & the Caribbean (IDA & IBRD countries);8613.82945264763;8729.10509265901;8768.48356873234;8993.27748501494;9674.89973167901;10300.685962528;11181.2389982807;11984.1044533219;12599.479111985;12399.161913705;13183.6142618633;14057.9662652636;14344.6767849865;14834.4250009384;15155.5692331217;14946.5090739524;15209.3311840456;15849.0828669983;16320.5041190537;16660.3649517704;15592.8165632243
Least developed countries: UN classification;1222.3165529697;1284.55056637311;1335.09770203301;1397.06592933213;1491.04521620058;1613.89223010188;1739.20987734472;1875.22640975425;1990.50924986261;2045.49894786934;2149.71916661618;2226.57363614355;2280.74365661926;2396.11406245248;2545.37332847345;2597.30705205601;2712.24123032774;2837.9669917363;2979.96289599769;3122.24215507476;3118.97691527173
Low & middle income;3719.00200663133;3891.99442083747;4083.80134420279;4353.17694085527;4751.43637672318;5187.95142391195;5754.84446493822;6334.44410115943;6814.4319422064;7014.44476016785;7541.2906745111;8080.73382211221;8536.09043413412;8925.9186441668;9184.46527367906;9242.96988643736;9537.62157955707;9992.68771456893;10601.9352178266;11048.0585009194;10821.9705022435
Low income;985.794223211444;1032.81040588725;1060.74611375085;1101.63706732018;1165.11426702263;1245.02703227823;1322.76627767401;1405.6207144337;1472.00094488917;1495.82491912011;1576.11198955605;1587.98671107295;1507.31087399658;1574.48990205525;1698.18795600334;1758.12945066825;1865.63307830059;1919.79169734604;1988.47491561778;2059.60214078793;2048.98653743425
Lower middle income;2844.99996402175;2972.35372519214;3106.66501116905;3312.21636531397;3567.16650543833;3842.24391268719;4150.97357934956;4485.96074043763;4682.49233268888;4856.77530813906;5158.02960892563;5434.07626222272;5726.83380685413;5942.60104535985;6101.75931293537;6194.68115752434;6436.75495275535;6728.30974735579;7125.00401999873;7416.11370333617;7133.31559472159
Middle East & North Africa;11278.6269973845;11457.8119483813;11600.9054120211;12125.7944005773;13211.7305485839;13970.8398829713;14862.7045444787;15708.2549442032;16375.0306452225;16271.4204854074;16924.759697158;17513.2788268736;18087.3864770102;17972.4185510672;17639.7197810378;15881.1015961082;15552.9018340889;16179.4786451478;16503.2534880298;16673.4967546603;16021.1055888944
Middle East & North Africa (excluding high income);7116.21306902467;7306.12030656126;7511.20507280964;7650.02584107275;8346.33165685552;8818.81792876992;9385.27630264206;10051.8273125744;10437.9769898254;10601.0013956643;11086.6073300061;11043.5665072068;11336.440838757;11229.7398504275;10880.8862244602;10193.6509692039;10149.4242412703;10446.0374445668;10593.1426280521;10665.4317298337;10323.5785188619
Middle East & North Africa (IDA & IBRD countries);7162.99741414911;7358.19901613897;7569.55323863817;7707.24541422661;8405.76785090203;8880.06600931894;9453.61059932978;10126.8123859724;10515.5461240395;10678.3746789585;11168.3245370349;11121.0132563481;11408.9524142;11300.0457702672;10945.6772970188;10245.0146979748;10196.2096973443;10495.408846085;10643.8919009032;10716.9886658351;10381.5759526744
Middle income;3949.4289047682;4136.8677013257;4346.7481438127;4640.52756421506;5073.48433087158;5547.83627917703;6165.86593823185;6799.00576549187;7326.16607636167;7551.51096528552;8130.6857773467;8731.23645456513;9249.2454560712;9681.83531248425;9966.04239758307;10036.2927591288;10363.5680325925;10874.1495305904;11556.2731548782;12059.9673443479;11827.0402000115
North America;35654.6858148448;36458.3491362401;37333.180091286;38796.358269377;40949.8906715654;43353.1161276907;45497.548675534;47152.6135880194;47598.8166950234;46294.0378304871;47643.7561215719;49070.8868996882;50678.7252209005;52229.6301430596;54121.6156909658;55645.0038959822;56863.8457468116;58922.1032596092;61761.9900756437;63781.3932439205;61832.1782458914
Not classified;..;..;..;..;..;..;..;..;..;..;..;..;..;..;..;..;..;..;..;..;..
OECD members;24653.2551269297;25416.2060188837;26210.6088382653;26972.5000392238;28401.1184854112;29745.7206378167;31700.5251428417;33234.1601552189;34094.3100870096;33202.1307136944;34447.5884699983;35869.8134850499;36841.4291523638;38143.9965645077;39277.5494760645;40420.881028912;41795.7811422939;43389.8104553905;45106.0007420552;46426.6702396675;44822.9638087594
Other small states;11155.4730291646;11738.9380192464;12315.8514190909;12899.9725240629;14251.1572693305;15197.4880608115;17080.9930704432;18944.3165953295;20500.0560497122;20804.5128385296;22431.4568277486;24192.1623416129;25304.6142038402;25593.8795101224;25411.2356197803;21679.5771356925;21180.3382775689;22637.0959111585;23213.4006107663;23700.0784953492;22292.130992723
Pacific island small states;3851.44047121815;3947.86643907086;4062.35344694293;4167.8662816898;4417.96855072541;4583.25876661156;4766.23842643395;4858.50695226741;4961.54297431019;4875.61843742046;5016.72418238344;5240.71788693297;5443.61608697108;5720.12728006546;6404.33137491486;6809.90562019266;6958.13408867471;7291.23337328327;7589.69451341559;7649.56937430971;6738.15840254991
Post-demographic dividend;26946.1127348178;27909.7600844907;28876.7458880278;29808.4817342331;31420.4065941084;32960.4147170693;35070.5488631942;36793.8634963411;37720.2967319187;36697.8809940443;38005.6889794584;39433.2706825145;40488.0676911791;41968.052023215;43104.9210696539;44248.678807456;45762.1517751088;47588.8282382311;49644.7725705719;51243.8847259253;49400.341416775
Pre-demographic dividend;2064.95271327001;2140.97728259298;2204.8082283128;2119.39705180104;2399.55044028229;2542.99639969864;2705.1902358523;2858.91294483912;3016.05176087599;3091.540259914;3235.33355345192;3347.5252412012;3408.24757550234;3551.37199347179;3639.44378855801;3452.38816136344;3444.75244673899;3534.43941127637;3614.53639843695;3698.33032921131;3534.71900734975
Small states;10307.0469007534;10812.1840836083;11339.8042485428;11942.5235183264;13089.3040078481;13946.5390025325;15595.0062110133;17135.0606329089;18386.3896411254;18528.5589846825;19821.3260733258;21241.3502029422;22100.8694638359;22405.9967021222;22361.5169080851;19560.9413024454;19197.2118508473;20440.6728562633;21020.898909115;21465.9727302695;20168.8274192708
South Asia;2080.16176936353;2180.62507541754;2253.96617777905;2420.98035990282;2629.03983843958;2868.29114031398;3130.28609614209;3394.24285755529;3516.99190098671;3737.92819820169;4009.71460159711;4242.34782022779;4572.16867907171;4757.74531411709;4934.33450846635;5142.93841309362;5458.39724465716;5773.98060124132;6218.55374228635;6508.00716048106;6130.75266139019
South Asia (IDA & IBRD);2080.16176936353;2180.62507541754;2253.96617777905;2420.98035990282;2629.03983843958;2868.29114031398;3130.28609614209;3394.24285755529;3516.99190098671;3737.92819820169;4009.71460159711;4242.34782022779;4572.16867907171;4757.74531411709;4934.33450846635;5142.93841309362;5458.39724465716;5773.98060124132;6218.55374228635;6508.00716048106;6130.75266139019
Sub-Saharan Africa;2103.78162118291;2184.36290457239;2293.77753046998;2371.0505648434;2527.88867260028;2692.16993630148;2865.15647409386;3041.10264920206;3176.0278719157;3208.16367124736;3342.32564356008;3463.08747469666;3451.5979505987;3625.0771388447;3785.25360602119;3773.93608060146;3801.17560385732;3865.59486177528;3965.55928016031;4037.37496038208;3904.3359052443
Sub-Saharan Africa (excluding high income);2102.29270728573;2182.92545482867;2292.35241530497;2369.73851053879;2526.63267479167;2690.77985677343;2863.6188343883;3039.38441351594;3174.38353975254;3206.5750517631;3340.66841001827;3461.28015456246;3449.85546500162;3623.28984529049;3783.35860761791;3772.03221155256;3799.14976958042;3863.45494657683;3963.38532007365;4035.1929813044;3902.44291705112
Sub-Saharan Africa (IDA & IBRD countries);2103.78162118291;2184.36290457239;2293.77753046998;2371.0505648434;2527.88867260027;2692.16993630147;2865.15647409386;3041.10264920206;3176.0278719157;3208.16367124736;3342.32564356009;3463.08747469665;3451.59795059869;3625.0771388447;3785.25360602119;3773.93608060146;3801.17560385732;3865.59486177528;3965.55928016031;4037.37496038208;3904.3359052443
Upper middle income;5181.6829260353;5448.13500945576;5756.31179971265;6164.42284529312;6818.06794521878;7541.80579115406;8544.1275207372;9555.32761246754;10506.2458777784;10821.3073417235;11769.914560896;12800.8161177707;13626.501536533;14359.7976628996;14832.911404007;14907.9536772288;15377.6727435371;16203.8008854656;17296.1250515871;18124.6918316082;18013.8280244753
World;8015.55330660303;8291.04979536833;8579.62913404896;8945.22248078578;9550.24454270048;10162.1323519091;10985.0552076359;11745.989030012;12286.7605717557;12252.1650069212;12896.2094355949;13578.3677000359;14108.8364886819;14624.5950890852;14994.0951542739;15136.6040893941;15560.6798489859;16207.4991578273;17008.316596936;17598.4414096445;17082.787590029
;;;;;;;;;;;;;;;;;;;;;
;;;;;;;;;;;;;;;;;;;;;
;;;;;;;;;;;;;;;;;;;;;
Data from database: World Development Indicators;;;;;;;;;;;;;;;;;;;;;
Last Updated: 12/16/2021;;;;;;;;;;;;;;;;;;;;;
